"ID 	",Node1_pkt,Node1_RSSI,Temperature,Node2_pkt,Node2_RSSI,Humidity,Node2_pkt,Node2_RSSI,Dust_particle,Date
1,0,-68,28.2,,,,,,,9/11/2022 18:43
2,,,,0,-112,58,,,,9/11/2022 18:43
3,,,,,,,0,-113,0.62,9/11/2022 18:44
4,1,-62,28.1,,,,,,,9/11/2022 18:44
5,,,,1,-114,58,,,,9/11/2022 18:44
6,,,,,,,1,-18,0.62,9/11/2022 18:45
7,2,-64,28.3,,,,,,,9/11/2022 18:45
8,,,,2,-113,58,,,,9/11/2022 18:45
9,,,,,,,2,-14,0.62,9/11/2022 18:46
1,3,-62,28.3,,,,,,,9/11/2022 18:46
11,,,,3,-112,58,,,,9/11/2022 18:46
12,,,,,,,3,-18,0.62,9/11/2022 18:47
13,4,-62,28.4,,,,,,,9/11/2022 18:47
14,,,,4,-11,57,,,,9/11/2022 18:47
15,9,-67,28.3,,,,,,,9/11/2022 18:52
16,,,,9,-16,58,,,,9/11/2022 18:52
17,,,,,,,9,-1,735.49,9/11/2022 18:53
18,1,-63,28.2,,,,,,,9/11/2022 18:53
19,,,,1,-14,58,,,,9/11/2022 18:53
2,,,,,,,1,-1,0.62,9/11/2022 18:54
21,11,-63,28.2,,,,,,,9/11/2022 18:54
22,,,,11,-15,58,,,,9/11/2022 18:54
23,,,,,,,11,-1,0.62,9/11/2022 18:55
24,12,-63,28,,,,,,,9/11/2022 18:55
25,,,,12,-13,58,,,,9/11/2022 18:55
26,,,,,,,12,-11,0.62,9/11/2022 18:56
27,13,-62,28,,,,,,,9/11/2022 18:56
28,,,,13,-13,57,,,,9/11/2022 18:56
29,,,,,,,13,-11,0.62,9/11/2022 18:57
3,14,-62,27.9,,,,,,,9/11/2022 18:57
31,,,,14,-12,57,,,,9/11/2022 18:57
32,,,,,,,14,-11,0.62,9/11/2022 18:58
33,,,,15,-13,58,,,,9/11/2022 18:58
34,16,-63,27.9,,,,,,,9/11/2022 18:59
35,,,,16,-14,57,,,,9/11/2022 18:59
36,,,,,,,16,-12,0.62,9/11/22  7::19 PM
37,,,,17,-12,57,,,,9/11/22  7::38 PM
38,18,-6,27.8,,,,,,,9/11/2022 19:01
39,,,,,,,17,-1,0.62,9/11/2022 19:01
4,,,,18,-14,59,,,,9/11/2022 19:01
41,19,-6,27.8,,,,,,,9/11/2022 19:02
42,,,,,,,18,-11,0.62,9/11/2022 19:02
43,,,,19,-14,59,,,,9/11/2022 19:02
44,2,-6,27.8,,,,,,,9/11/2022 19:03
45,,,,,,,19,-13,0.62,9/11/2022 19:03
46,,,,2,-11,6,,,,9/11/2022 19:03
47,21,-6,27.9,,,,,,,9/11/2022 19:04
48,,,,,,,2,-99,0.62,9/11/2022 19:04
49,,,,21,-111,6,,,,9/11/2022 19:04
5,22,-6,27.9,,,,,,,9/11/2022 19:05
51,,,,,,,21,-1,0.62,9/11/2022 19:05
52,,,,22,-111,61,,,,9/11/2022 19:05
53,23,-59,27.9,,,,,,,9/11/2022 19:06
54,,,,,,,22,-1,0.62,9/11/2022 19:06
55,,,,23,-11,6,,,,9/11/2022 19:06
56,24,-6,27.9,,,,,,,9/11/2022 19:07
57,,,,,,,23,-1,0.62,9/11/2022 19:07
58,,,,24,-111,61,,,,9/11/2022 19:07
59,25,-59,27.9,,,,,,,9/11/2022 19:08
6,,,,,,,24,-1,0.62,9/11/2022 19:08
61,,,,25,-111,61,,,,9/11/2022 19:08
62,26,-6,28,,,,,,,9/11/2022 19:09
63,,,,,,,25,-98,0.62,9/11/2022 19:09
64,,,,26,-111,61,,,,9/11/2022 19:09
65,27,-6,28,,,,,,,9/11/2022 19:01
66,,,,,,,26,-11,0.62,9/11/2022 19:01
67,,,,27,-11,6,,,,9/11/2022 19:01
68,28,-62,28,,,,,,,9/11/2022 19:11
69,,,,,,,27,-12,0.62,9/11/2022 19:11
7,,,,28,-111,6,,,,9/11/2022 19:11
71,29,-6,28.2,,,,,,,9/11/2022 19:12
72,,,,,,,28,-98,0.62,9/11/2022 19:12
73,,,,29,-111,59,,,,9/11/2022 19:12
74,3,-6,28.2,,,,,,,9/11/2022 19:13
75,,,,,,,29,-1,0.62,9/11/2022 19:13
76,,,,3,-111,59,,,,9/11/2022 19:13
77,31,-6,28.2,,,,,,,9/11/2022 19:14
78,,,,,,,3,-11,0.62,9/11/2022 19:14
79,,,,31,-111,59,,,,9/11/2022 19:14
8,32,-62,28.3,,,,,,,9/11/2022 19:15
81,,,,,,,31,-11,0.62,9/11/2022 19:15
82,,,,32,-16,59,,,,9/11/2022 19:15
83,33,-63,28.2,,,,,,,9/11/2022 19:16
84,,,,,,,32,-16,0.62,9/11/2022 19:16
85,,,,33,-13,59,,,,9/11/2022 19:16
86,34,-61,28.3,,,,,,,9/11/2022 19:17
87,,,,,,,33,-17,0.62,9/11/2022 19:17
88,,,,34,-13,59,,,,9/11/2022 19:17
89,35,-61,28.3,,,,,,,9/11/2022 19:18
9,,,,,,,34,-13,0.62,9/11/2022 19:18
91,36,-6,28.5,,,,,,,9/11/2022 19:19
92,,,,,,,35,-12,0.62,9/11/2022 19:19
93,37,-61,28.5,,,,,,,9/11/2022 19:02
94,,,,37,-15,58,,,,9/11/2022 19:02
95,38,-61,28.5,,,,,,,9/11/2022 19:21
96,,,,38,-15,58,,,,9/11/2022 19:21
97,,,,,,,37,-11,0.62,9/11/2022 19:21
98,39,-61,28.5,,,,,,,9/11/2022 19:22
99,,,,39,-15,58,,,,9/11/2022 19:22
1,,,,,,,38,-11,0.62,9/11/2022 19:22
11,4,-61,28.5,,,,,,,9/11/2022 19:23
12,,,,4,-1,57,,,,9/11/2022 19:23
13,,,,,,,39,-1,0.62,9/11/2022 19:23
14,41,-61,28.5,,,,,,,9/11/2022 19:24
15,,,,41,-99,57,,,,9/11/2022 19:24
16,,,,,,,4,-99,0.62,9/11/2022 19:24
17,42,-61,28.4,,,,,,,9/11/2022 19:25
18,,,,42,-11,58,,,,9/11/2022 19:25
19,,,,,,,41,-99,0.62,9/11/2022 19:25
11,43,-61,28.2,,,,,,,9/11/2022 19:26
111,,,,43,-99,58,,,,9/11/2022 19:26
112,,,,,,,42,-99,0.62,9/11/2022 19:26
113,44,-61,28.1,,,,,,,9/11/2022 19:27
114,,,,44,-99,58,,,,9/11/2022 19:27
115,,,,,,,43,-99,0.62,9/11/2022 19:27
116,45,-63,28,,,,,,,9/11/2022 19:28
117,,,,45,-99,58,,,,9/11/2022 19:28
118,,,,,,,44,-99,0.62,9/11/2022 19:28
119,46,-63,27.9,,,,,,,9/11/2022 19:29
12,,,,46,-11,58,,,,9/11/2022 19:29
121,,,,,,,45,-1,0.62,9/11/2022 19:29
122,47,-61,27.8,,,,,,,9/11/2022 19:03
123,,,,,,,46,-98,0.62,9/11/2022 19:03
124,48,-63,27.8,,,,,,,9/11/2022 19:31
125,,,,48,-1,58,,,,9/11/2022 19:31
126,,,,,,,47,-99,0.62,9/11/2022 19:31
127,49,-62,27.7,,,,,,,9/11/2022 19:32
128,,,,49,-11,58,,,,9/11/2022 19:32
129,,,,,,,48,-99,0.62,9/11/2022 19:32
13,5,-62,27.6,,,,,,,9/11/2022 19:33
131,,,,5,-1,58,,,,9/11/2022 19:33
132,,,,,,,49,-98,0.62,9/11/2022 19:33
133,51,-64,27.6,,,,,,,9/11/2022 19:34
134,,,,51,-13,58,,,,9/11/2022 19:34
135,,,,,,,5,-12,0.62,9/11/2022 19:34
136,52,-64,27.5,,,,,,,9/11/2022 19:35
137,,,,52,-14,59,,,,9/11/2022 19:35
138,,,,,,,51,-13,0.62,9/11/2022 19:35
139,53,-64,27.6,,,,,,,9/11/2022 19:36
14,,,,53,-15,6,,,,9/11/2022 19:36
141,,,,,,,52,-11,0.62,9/11/2022 19:36
142,54,-64,27.5,,,,,,,9/11/2022 19:37
143,,,,54,-14,6,,,,9/11/2022 19:37
144,,,,,,,53,-16,0.62,9/11/2022 19:37
145,55,-64,27.7,,,,,,,9/11/2022 19:38
146,,,,55,-12,61,,,,9/11/2022 19:38
147,,,,,,,54,-11,0.62,9/11/2022 19:38
148,56,-62,27.7,,,,,,,9/11/2022 19:39
149,,,,56,-15,61,,,,9/11/2022 19:39
15,,,,,,,55,-15,0.62,9/11/22  7:4: PM
151,57,-64,27.8,,,,,,,9/11/2022 19:04
152,,,,57,-14,6,,,,9/11/2022 19:04
153,,,,,,,56,-11,0.62,9/11/2022 19:41
154,58,-64,27.8,,,,,,,9/11/2022 19:41
155,,,,58,-13,6,,,,9/11/2022 19:41
156,,,,,,,57,-11,0.62,9/11/2022 19:42
157,59,-62,27.8,,,,,,,9/11/2022 19:42
158,,,,59,-13,6,,,,9/11/2022 19:42
159,,,,,,,58,-13,0.62,9/11/2022 19:43
16,6,-62,27.9,,,,,,,9/11/2022 19:43
161,,,,6,-13,6,,,,9/11/2022 19:43
162,,,,,,,59,-1,0.62,9/11/2022 19:44
163,61,-62,27.9,,,,,,,9/11/2022 19:44
164,,,,61,-16,6,,,,9/11/2022 19:44
165,,,,,,,6,-11,0.64,9/11/2022 19:45
166,62,-63,28,,,,,,,9/11/2022 19:45
167,,,,62,-13,6,,,,9/11/2022 19:45
168,,,,,,,61,-12,0.62,9/11/2022 19:46
169,63,-63,28,,,,,,,9/11/2022 19:46
17,,,,63,-15,59,,,,9/11/2022 19:46
171,,,,,,,62,-11,0.62,9/11/2022 19:47
172,64,-64,28,,,,,,,9/11/2022 19:47
173,,,,64,-14,59,,,,9/11/2022 19:47
174,,,,,,,63,-11,0.62,9/11/2022 19:48
175,65,-62,28.1,,,,,,,9/11/2022 19:48
176,,,,65,-12,59,,,,9/11/2022 19:48
177,,,,,,,64,-11,0.62,9/11/2022 19:49
178,66,-63,28.2,,,,,,,9/11/2022 19:49
179,,,,66,-13,58,,,,9/11/2022 19:49
18,,,,,,,65,-99,0.62,9/11/2022 19:05
181,67,-63,28.1,,,,,,,9/11/2022 19:05
182,,,,67,-13,58,,,,9/11/2022 19:05
183,,,,,,,66,-11,0.62,9/11/2022 19:51
184,68,-64,28.2,,,,,,,9/11/2022 19:51
185,,,,68,-13,58,,,,9/11/2022 19:51
186,,,,,,,67,-11,0.62,9/11/2022 19:52
187,69,-65,28.2,,,,,,,9/11/2022 19:52
188,,,,69,-12,58,,,,9/11/2022 19:52
189,,,,,,,68,-13,0.62,9/11/2022 19:53
19,7,-64,28.2,,,,,,,9/11/2022 19:53
191,,,,7,-11,58,,,,9/11/2022 19:53
192,,,,,,,69,-12,0.62,9/11/2022 19:54
193,71,-63,28.2,,,,,,,9/11/2022 19:54
194,,,,71,-14,58,,,,9/11/2022 19:54
195,,,,,,,7,-99,0.62,9/11/2022 19:55
196,72,-64,28.3,,,,,,,9/11/2022 19:55
197,,,,72,-16,58,,,,9/11/2022 19:55
198,,,,,,,71,-99,0.62,9/11/2022 19:56
199,73,-64,28.3,,,,,,,9/11/2022 19:56
2,,,,73,-12,57,,,,9/11/2022 19:56
21,,,,,,,72,-99,0.62,9/11/2022 19:57
22,74,-64,28.3,,,,,,,9/11/2022 19:57
23,,,,74,-14,57,,,,9/11/2022 19:57
24,,,,,,,73,-11,0.62,9/11/2022 19:58
25,75,-64,28.2,,,,,,,9/11/2022 19:58
26,,,,75,-11,57,,,,9/11/2022 19:58
27,,,,,,,74,-11,0.62,9/11/2022 19:59
28,76,-64,28.2,,,,,,,9/11/2022 19:59
29,,,,76,-13,58,,,,9/11/2022 19:59
21,,,,,,,75,-99,0.62,9/11/22  8::2 PM
211,,,,77,-13,58,,,,9/11/22  8::41 PM
212,,,,,,,76,-17,0.62,9/11/2022 20:01
213,,,,78,-14,58,,,,9/11/2022 20:01
214,79,-64,27.9,,,,,,,9/11/2022 20:02
215,,,,79,-14,58,,,,9/11/2022 20:02
216,8,-64,27.9,,,,,,,9/11/2022 20:03
217,,,,,,,78,-11,0.62,9/11/2022 20:03
218,,,,8,-12,57,,,,9/11/2022 20:03
219,81,-64,27.8,,,,,,,9/11/2022 20:04
22,,,,,,,79,-13,0.62,9/11/2022 20:04
221,,,,81,-14,57,,,,9/11/2022 20:04
222,82,-62,27.8,,,,,,,9/11/2022 20:05
223,,,,,,,8,-11,0.62,9/11/2022 20:05
224,,,,82,-12,57,,,,9/11/2022 20:05
225,83,-63,27.6,,,,,,,9/11/2022 20:06
226,,,,,,,81,-14,0.62,9/11/2022 20:06
227,,,,83,-14,57,,,,9/11/2022 20:06
228,84,-62,27.7,,,,,,,9/11/2022 20:07
229,,,,,,,82,-12,0.62,9/11/2022 20:07
23,,,,84,-13,57,,,,9/11/2022 20:07
231,85,-64,27.6,,,,,,,9/11/2022 20:08
232,,,,,,,83,-12,0.62,9/11/2022 20:08
233,,,,85,-14,57,,,,9/11/2022 20:08
234,86,-63,27.6,,,,,,,9/11/2022 20:09
235,,,,,,,84,-12,0.62,9/11/2022 20:09
236,,,,86,-14,58,,,,9/11/2022 20:09
237,87,-62,27.6,,,,,,,9/11/2022 20:01
238,,,,,,,85,-11,0.62,9/11/2022 20:01
239,,,,87,-15,59,,,,9/11/2022 20:01
24,88,-63,27.6,,,,,,,9/11/2022 20:11
241,,,,,,,86,-12,0.62,9/11/2022 20:11
242,,,,88,-13,59,,,,9/11/2022 20:11
243,89,-62,27.7,,,,,,,9/11/2022 20:12
244,,,,,,,87,-12,0.62,9/11/2022 20:12
245,,,,89,-15,6,,,,9/11/2022 20:12
246,9,-62,27.7,,,,,,,9/11/2022 20:13
247,,,,,,,88,-15,0.62,9/11/2022 20:13
248,,,,9,-17,6,,,,9/11/2022 20:13
249,91,-62,27.7,,,,,,,9/11/2022 20:14
25,,,,,,,89,-14,0.62,9/11/2022 20:14
251,,,,91,-18,6,,,,9/11/2022 20:14
252,92,-62,27.8,,,,,,,9/11/2022 20:15
253,,,,,,,9,-17,0.62,9/11/2022 20:15
254,,,,92,-19,6,,,,9/11/2022 20:15
255,93,-61,27.8,,,,,,,9/11/2022 20:16
256,,,,,,,91,-17,0.62,9/11/2022 20:16
257,,,,93,-18,59,,,,9/11/2022 20:16
258,94,-62,27.8,,,,,,,9/11/2022 20:17
259,,,,,,,92,-14,0.62,9/11/2022 20:17
26,,,,94,-19,6,,,,9/11/2022 20:17
261,95,-61,27.9,,,,,,,9/11/2022 20:18
262,,,,,,,93,-15,0.62,9/11/2022 20:18
263,,,,95,-18,6,,,,9/11/2022 20:18
264,96,-61,27.9,,,,,,,9/11/2022 20:19
265,,,,,,,94,-112,0.62,9/11/2022 20:19
266,,,,96,-19,6,,,,9/11/2022 20:19
267,97,-61,28,,,,,,,9/11/2022 20:02
268,,,,,,,95,-18,0.62,9/11/2022 20:02
269,,,,97,-11,59,,,,9/11/2022 20:02
27,98,-63,28,,,,,,,9/11/2022 20:21
271,,,,,,,96,-14,0.62,9/11/2022 20:21
272,99,-63,28,,,,,,,9/11/2022 20:22
273,,,,,,,97,-16,0.62,9/11/2022 20:22
274,1,-62,28.1,,,,,,,9/11/2022 20:23
275,,,,1,-19,59,,,,9/11/2022 20:23
276,11,-61,28.2,,,,,,,9/11/2022 20:24
277,,,,11,-16,58,,,,9/11/2022 20:24
278,,,,,,,99,-16,0.62,9/11/2022 20:24
279,12,-62,28.1,,,,,,,9/11/2022 20:25
28,,,,12,-18,58,,,,9/11/2022 20:25
281,,,,,,,1,-11,0.62,9/11/2022 20:25
282,13,-63,28.2,,,,,,,9/11/2022 20:26
283,,,,13,-16,58,,,,9/11/2022 20:26
284,,,,,,,11,-12,0.62,9/11/2022 20:26
285,14,-63,28.2,,,,,,,9/11/2022 20:27
286,,,,14,-115,58,,,,9/11/2022 20:27
287,,,,,,,12,-15,0.62,9/11/2022 20:27
288,15,-61,28.3,,,,,,,9/11/2022 20:28
289,,,,15,-114,58,,,,9/11/2022 20:28
29,,,,,,,13,-15,0.62,9/11/2022 20:28
291,16,-61,28.3,,,,,,,9/11/2022 20:29
292,,,,16,-113,58,,,,9/11/2022 20:29
293,,,,,,,14,-16,0.62,9/11/2022 20:29
294,17,-61,28.2,,,,,,,9/11/2022 20:03
295,,,,17,-113,57,,,,9/11/2022 20:03
296,,,,,,,15,-11,0.62,9/11/2022 20:03
297,18,-61,28.2,,,,,,,9/11/2022 20:31
298,,,,18,-111,57,,,,9/11/2022 20:31
299,,,,,,,16,-15,0.62,9/11/2022 20:31
3,19,-61,28.1,,,,,,,9/11/2022 20:32
31,,,,19,-111,58,,,,9/11/2022 20:32
32,,,,,,,17,-14,0.62,9/11/2022 20:32
33,11,-61,28,,,,,,,9/11/2022 20:33
34,,,,11,-113,58,,,,9/11/2022 20:33
35,,,,,,,18,-14,0.62,9/11/2022 20:33
36,111,-61,27.9,,,,,,,9/11/2022 20:34
37,,,,111,-114,58,,,,9/11/2022 20:34
38,,,,,,,19,-12,0.62,9/11/2022 20:34
39,112,-63,27.9,,,,,,,9/11/2022 20:35
31,,,,112,-113,58,,,,9/11/2022 20:35
311,,,,,,,11,-16,0.62,9/11/2022 20:35
312,113,-61,27.9,,,,,,,9/11/2022 20:36
313,,,,113,-19,58,,,,9/11/2022 20:36
314,,,,,,,111,-17,0.62,9/11/2022 20:36
315,114,-63,27.8,,,,,,,9/11/2022 20:37
316,,,,114,-18,59,,,,9/11/2022 20:37
317,,,,,,,112,-17,0.62,9/11/2022 20:37
318,115,-61,27.8,,,,,,,9/11/2022 20:38
319,,,,115,-19,59,,,,9/11/2022 20:38
32,,,,,,,113,-16,0.62,9/11/2022 20:38
321,116,-63,27.8,,,,,,,9/11/2022 20:39
322,,,,116,-17,59,,,,9/11/2022 20:39
323,,,,,,,114,-12,0.62,9/11/22  8:4: PM
324,117,-63,27.9,,,,,,,9/11/2022 20:04
325,,,,117,-11,59,,,,9/11/2022 20:04
326,,,,,,,115,-11,0.62,9/11/2022 20:41
327,118,-62,27.9,,,,,,,9/11/2022 20:41
328,,,,118,-11,6,,,,9/11/2022 20:41
329,,,,,,,116,-14,0.62,9/11/2022 20:42
33,119,-61,27.9,,,,,,,9/11/2022 20:42
331,,,,119,-15,6,,,,9/11/2022 20:42
332,,,,,,,117,-15,0.62,9/11/2022 20:43
333,12,-61,28,,,,,,,9/11/2022 20:43
334,,,,12,-13,59,,,,9/11/2022 20:43
335,,,,,,,118,-13,0.62,9/11/2022 20:44
336,121,-63,28,,,,,,,9/11/2022 20:44
337,,,,121,-13,59,,,,9/11/2022 20:44
338,,,,,,,119,-14,0.62,9/11/2022 20:45
339,122,-61,28,,,,,,,9/11/2022 20:45
34,,,,122,-14,59,,,,9/11/2022 20:45
341,,,,,,,12,-14,0.62,9/11/2022 20:46
342,123,-62,28,,,,,,,9/11/2022 20:46
343,,,,123,-13,58,,,,9/11/2022 20:46
344,,,,,,,121,-13,0.62,9/11/2022 20:47
345,124,-62,28.1,,,,,,,9/11/2022 20:47
346,,,,124,-15,57,,,,9/11/2022 20:47
347,,,,,,,122,-12,0.62,9/11/2022 20:48
348,125,-63,28.1,,,,,,,9/11/2022 20:48
349,,,,125,-13,58,,,,9/11/2022 20:48
35,,,,,,,123,-14,0.62,9/11/2022 20:49
351,126,-63,28.2,,,,,,,9/11/2022 20:49
352,,,,126,-15,58,,,,9/11/2022 20:49
353,,,,,,,124,-12,0.62,9/11/2022 20:05
354,127,-62,28.2,,,,,,,9/11/2022 20:05
355,,,,127,-14,58,,,,9/11/2022 20:05
356,,,,,,,125,-12,0.62,9/11/2022 20:51
357,128,-61,28.2,,,,,,,9/11/2022 20:51
358,,,,128,-14,58,,,,9/11/2022 20:51
359,,,,,,,126,-13,0.62,9/11/2022 20:52
36,129,-62,28.3,,,,,,,9/11/2022 20:52
361,,,,129,-15,58,,,,9/11/2022 20:52
362,,,,,,,127,-12,0.62,9/11/2022 20:53
363,13,-63,28.2,,,,,,,9/11/2022 20:53
364,,,,13,-14,57,,,,9/11/2022 20:53
365,,,,,,,128,-11,0.62,9/11/2022 20:54
366,131,-63,28.3,,,,,,,9/11/2022 20:54
367,,,,131,-15,56,,,,9/11/2022 20:54
368,,,,,,,129,-19,0.62,9/11/2022 20:55
369,132,-63,28.3,,,,,,,9/11/2022 20:55
37,,,,132,-13,57,,,,9/11/2022 20:55
371,,,,,,,13,-19,0.62,9/11/2022 20:56
372,133,-63,28.3,,,,,,,9/11/2022 20:56
373,,,,133,-13,56,,,,9/11/2022 20:56
374,,,,,,,131,-12,0.62,9/11/2022 20:57
375,134,-63,28,,,,,,,9/11/2022 20:57
376,,,,134,-14,56,,,,9/11/2022 20:57
377,,,,,,,132,-14,0.62,9/11/2022 20:58
378,135,-63,28,,,,,,,9/11/2022 20:58
379,,,,135,-14,57,,,,9/11/2022 20:58
38,,,,,,,133,-13,0.62,9/11/2022 20:59
381,136,-61,27.9,,,,,,,9/11/2022 20:59
382,,,,136,-15,57,,,,9/11/2022 20:59
383,,,,,,,134,-14,0.62,9/11/22  9::21 PM
384,137,-63,27.8,,,,,,,9/11/22  9::25 PM
385,,,,137,-14,57,,,,9/11/22  9::45 PM
386,,,,,,,135,-17,0.62,9/11/2022 21:01
387,138,-63,27.7,,,,,,,9/11/2022 21:01
388,,,,138,-15,59,,,,9/11/2022 21:01
389,,,,,,,136,-12,0.62,9/11/2022 21:02
39,139,-63,27.8,,,,,,,9/11/2022 21:02
391,,,,139,-14,59,,,,9/11/2022 21:02
392,,,,,,,137,-11,0.62,9/11/2022 21:03
393,,,,14,-15,59,,,,9/11/2022 21:03
394,141,-61,27.7,,,,,,,9/11/2022 21:04
395,,,,141,-15,59,,,,9/11/2022 21:04
396,142,-61,27.8,,,,,,,9/11/2022 21:05
397,,,,142,-15,6,,,,9/11/2022 21:05
398,143,-61,27.8,,,,,,,9/11/2022 21:06
399,,,,,,,14,-16,0.62,9/11/2022 21:06
4,,,,143,-15,59,,,,9/11/2022 21:06
41,144,-61,27.9,,,,,,,9/11/2022 21:07
42,,,,,,,141,-15,0.62,9/11/2022 21:07
43,,,,144,-12,58,,,,9/11/2022 21:07
44,145,-61,27.9,,,,,,,9/11/2022 21:08
45,,,,,,,142,-15,0.62,9/11/2022 21:08
46,,,,145,-12,59,,,,9/11/2022 21:08
47,,,,,,,143,-12,0.62,9/11/2022 21:09
48,,,,146,-13,58,,,,9/11/2022 21:09
49,147,-62,28,,,,,,,9/11/2022 21:01
41,,,,,,,144,-13,0.62,9/11/2022 21:01
411,,,,147,-13,58,,,,9/11/2022 21:01
412,148,-63,27.9,,,,,,,9/11/2022 21:11
413,,,,,,,145,-14,0.62,9/11/2022 21:11
414,,,,148,-13,56,,,,9/11/2022 21:11
415,149,-61,27.8,,,,,,,9/11/2022 21:12
416,,,,,,,146,-14,0.62,9/11/2022 21:12
417,,,,149,-13,56,,,,9/11/2022 21:12
418,15,-63,27.7,,,,,,,9/11/2022 21:13
419,,,,,,,147,-13,0.62,9/11/2022 21:13
42,,,,15,-13,57,,,,9/11/2022 21:13
421,151,-63,27.6,,,,,,,9/11/2022 21:14
422,,,,,,,148,-13,0.62,9/11/2022 21:14
423,,,,151,-13,58,,,,9/11/2022 21:14
424,152,-61,27.6,,,,,,,9/11/2022 21:15
425,,,,,,,149,-14,0.62,9/11/2022 21:15
426,,,,152,-13,57,,,,9/11/2022 21:15
427,153,-61,27.5,,,,,,,9/11/2022 21:16
428,,,,,,,15,-15,0.62,9/11/2022 21:16
429,,,,153,-13,57,,,,9/11/2022 21:16
43,154,-61,27.5,,,,,,,9/11/2022 21:17
431,,,,,,,151,-13,0.62,9/11/2022 21:17
432,,,,154,-12,58,,,,9/11/2022 21:17
433,155,-63,27.5,,,,,,,9/11/2022 21:18
434,,,,,,,152,-15,0.62,9/11/2022 21:18
435,,,,155,-13,57,,,,9/11/2022 21:18
436,156,-62,27.5,,,,,,,9/11/2022 21:19
437,,,,,,,153,-14,0.62,9/11/2022 21:19
438,,,,156,-14,57,,,,9/11/2022 21:19
439,157,-61,27.4,,,,,,,9/11/2022 21:02
44,,,,,,,154,-16,0.62,9/11/2022 21:02
441,,,,157,-14,57,,,,9/11/2022 21:02
442,158,-63,27.3,,,,,,,9/11/2022 21:21
443,,,,,,,155,-18,0.62,9/11/2022 21:21
444,,,,158,-13,58,,,,9/11/2022 21:21
445,159,-61,27.3,,,,,,,9/11/2022 21:22
446,,,,,,,156,-18,0.62,9/11/2022 21:22
447,,,,159,-14,57,,,,9/11/2022 21:22
448,16,-61,27.2,,,,,,,9/11/2022 21:23
449,,,,,,,157,-16,0.62,9/11/2022 21:23
45,,,,16,-14,57,,,,9/11/2022 21:23
451,161,-62,27.1,,,,,,,9/11/2022 21:24
452,,,,,,,158,-18,0.62,9/11/2022 21:24
453,162,-61,27.2,,,,,,,9/11/2022 21:25
454,,,,162,-14,57,,,,9/11/2022 21:25
455,163,-62,27.2,,,,,,,9/11/2022 21:26
456,,,,163,-14,59,,,,9/11/2022 21:26
457,,,,,,,16,-18,0.62,9/11/2022 21:26
458,164,-61,27.1,,,,,,,9/11/2022 21:27
459,,,,164,-14,59,,,,9/11/2022 21:27
46,,,,,,,161,-18,0.62,9/11/2022 21:27
461,165,-62,27.2,,,,,,,9/11/2022 21:28
462,,,,165,-14,6,,,,9/11/2022 21:28
463,,,,,,,162,-17,0.62,9/11/2022 21:28
464,166,-62,27.2,,,,,,,9/11/2022 21:29
465,,,,166,-13,6,,,,9/11/2022 21:29
466,,,,,,,163,-17,0.62,9/11/2022 21:29
467,167,-61,27.2,,,,,,,9/11/2022 21:03
468,,,,167,-14,61,,,,9/11/2022 21:03
469,,,,,,,164,-17,0.62,9/11/2022 21:03
47,168,-61,27.3,,,,,,,9/11/2022 21:31
471,,,,168,-12,62,,,,9/11/2022 21:31
472,,,,,,,165,-19,0.62,9/11/2022 21:31
473,169,-62,27.4,,,,,,,9/11/2022 21:32
474,,,,169,-15,62,,,,9/11/2022 21:32
475,,,,,,,166,-111,0.62,9/11/2022 21:32
476,17,-61,27.4,,,,,,,9/11/2022 21:33
477,,,,17,-14,61,,,,9/11/2022 21:33
478,,,,,,,167,-11,0.62,9/11/2022 21:33
479,171,-63,27.4,,,,,,,9/11/2022 21:34
48,,,,171,-12,61,,,,9/11/2022 21:34
481,,,,,,,168,-11,0.62,9/11/2022 21:34
482,172,-63,27.4,,,,,,,9/11/2022 21:35
483,,,,172,-12,61,,,,9/11/2022 21:35
484,,,,,,,169,-16,0.62,9/11/2022 21:35
485,173,-63,27.5,,,,,,,9/11/2022 21:36
486,,,,173,-13,61,,,,9/11/2022 21:36
487,,,,,,,17,-14,0.62,9/11/2022 21:36
488,174,-61,27.6,,,,,,,9/11/2022 21:37
489,,,,174,-11,6,,,,9/11/2022 21:37
49,175,-61,27.5,,,,,,,9/11/2022 21:38
491,,,,175,-13,6,,,,9/11/2022 21:38
492,,,,,,,172,-16,0.62,9/11/22  9:39: PM
493,176,-62,27.4,,,,,,,9/11/2022 21:39
494,,,,176,-13,61,,,,9/11/2022 21:39
495,,,,,,,173,-15,0.62,9/11/2022 21:04
496,177,-63,27.4,,,,,,,9/11/2022 21:04
497,,,,177,-13,59,,,,9/11/2022 21:04
498,,,,,,,174,-15,0.62,9/11/2022 21:41
499,178,-62,27.3,,,,,,,9/11/2022 21:41
5,,,,178,-13,59,,,,9/11/2022 21:41
51,,,,,,,175,-16,0.62,9/11/2022 21:42
52,179,-61,27.3,,,,,,,9/11/2022 21:42
53,,,,179,-14,59,,,,9/11/2022 21:42
54,,,,,,,176,-14,0.62,9/11/2022 21:43
55,18,-61,27.3,,,,,,,9/11/2022 21:43
56,,,,18,-13,59,,,,9/11/2022 21:43
57,,,,,,,177,-14,0.62,9/11/2022 21:44
58,181,-63,27.2,,,,,,,9/11/2022 21:44
59,,,,181,-12,59,,,,9/11/2022 21:44
51,,,,,,,178,-13,0.62,9/11/2022 21:45
511,182,-62,27.2,,,,,,,9/11/2022 21:45
512,,,,182,-14,59,,,,9/11/2022 21:45
513,,,,,,,179,-13,0.62,9/11/2022 21:46
514,183,-63,27.1,,,,,,,9/11/2022 21:46
515,,,,183,-12,59,,,,9/11/2022 21:46
516,,,,,,,18,-16,0.62,9/11/2022 21:47
517,184,-63,27.1,,,,,,,9/11/2022 21:47
518,,,,184,-13,59,,,,9/11/2022 21:47
519,,,,,,,181,-18,0.62,9/11/2022 21:48
52,185,-62,27.1,,,,,,,9/11/2022 21:48
521,,,,185,-15,58,,,,9/11/2022 21:48
522,,,,,,,182,-16,0.62,9/11/2022 21:49
523,186,-62,27,,,,,,,9/11/2022 21:49
524,,,,186,-14,58,,,,9/11/2022 21:49
525,,,,,,,183,-15,0.62,9/11/2022 21:05
526,187,-63,27,,,,,,,9/11/2022 21:05
527,,,,187,-12,59,,,,9/11/2022 21:05
528,,,,,,,184,-15,0.62,9/11/2022 21:51
529,188,-63,27,,,,,,,9/11/2022 21:51
53,,,,188,-12,58,,,,9/11/2022 21:51
531,,,,,,,185,-17,0.62,9/11/2022 21:52
532,189,-61,26.9,,,,,,,9/11/2022 21:52
533,,,,189,-12,58,,,,9/11/2022 21:52
534,,,,,,,186,-15,0.62,9/11/2022 21:53
535,19,-62,27,,,,,,,9/11/2022 21:53
536,,,,19,-12,58,,,,9/11/2022 21:53
537,,,,,,,187,-12,0.62,9/11/2022 21:54
538,191,-63,26.9,,,,,,,9/11/2022 21:54
539,,,,191,-12,58,,,,9/11/2022 21:54
54,,,,,,,188,-12,0.62,9/11/2022 21:55
541,192,-61,26.9,,,,,,,9/11/2022 21:55
542,,,,192,-13,58,,,,9/11/2022 21:55
543,,,,,,,189,-13,0.62,9/11/2022 21:56
544,193,-63,26.9,,,,,,,9/11/2022 21:56
545,,,,193,-14,58,,,,9/11/2022 21:56
546,,,,,,,19,-14,0.62,9/11/2022 21:57
547,194,-62,26.9,,,,,,,9/11/2022 21:57
548,,,,194,-14,58,,,,9/11/2022 21:57
549,,,,,,,191,-11,0.62,9/11/2022 21:58
55,195,-61,26.8,,,,,,,9/11/2022 21:58
551,,,,195,-12,58,,,,9/11/2022 21:58
552,,,,,,,192,-12,0.62,9/11/2022 21:59
553,196,-63,26.9,,,,,,,9/11/2022 21:59
554,,,,196,-15,58,,,,9/11/2022 21:59
555,,,,,,,193,-14,0.62,9/11/22  1::22 PM
556,197,-63,26.9,,,,,,,9/11/22  1::28 PM
557,,,,197,-13,58,,,,9/11/22  1::48 PM
558,,,,,,,194,-12,0.62,9/11/2022 13:01
559,198,-63,26.8,,,,,,,9/11/2022 13:01
56,,,,198,-12,58,,,,9/11/2022 13:01
561,,,,,,,195,-12,0.62,9/11/2022 13:02
562,199,-63,26.8,,,,,,,9/11/2022 13:02
563,,,,199,-14,58,,,,9/11/2022 13:02
564,,,,,,,196,-13,0.62,9/11/2022 13:03
565,2,-63,26.7,,,,,,,9/11/2022 13:03
566,,,,2,-12,59,,,,9/11/2022 13:03
567,,,,,,,197,-15,0.62,9/11/2022 13:04
568,21,-61,26.8,,,,,,,9/11/2022 13:04
569,,,,21,-13,6,,,,9/11/2022 13:04
57,,,,,,,198,-13,0.62,9/11/2022 13:05
571,22,-63,26.8,,,,,,,9/11/2022 13:05
572,,,,22,-14,6,,,,9/11/2022 13:05
573,,,,,,,199,-11,0.62,9/11/2022 13:06
574,,,,23,-12,61,,,,9/11/2022 13:06
575,24,-61,26.9,,,,,,,9/11/2022 13:07
576,,,,24,-15,61,,,,9/11/2022 13:07
577,25,-62,27.1,,,,,,,9/11/2022 13:08
578,,,,,,,21,-15,0.62,9/11/2022 13:08
579,,,,25,-14,61,,,,9/11/2022 13:08
58,26,-61,27,,,,,,,9/11/2022 13:09
581,,,,,,,22,-15,0.62,9/11/2022 13:09
582,,,,26,-13,63,,,,9/11/2022 13:09
583,27,-62,27,,,,,,,9/11/2022 13:01
584,,,,,,,23,-14,0.62,9/11/2022 13:01
585,,,,27,-15,62,,,,9/11/2022 13:01
586,28,-62,27.1,,,,,,,9/11/2022 13:11
587,,,,,,,24,-14,0.62,9/11/2022 13:11
588,,,,28,-14,62,,,,9/11/2022 13:11
589,29,-62,27.1,,,,,,,9/11/2022 13:12
59,,,,,,,25,-15,0.62,9/11/2022 13:12
591,,,,29,-13,62,,,,9/11/2022 13:12
592,21,-62,27.2,,,,,,,9/11/2022 13:13
593,,,,,,,26,-15,0.62,9/11/2022 13:13
594,,,,21,-15,63,,,,9/11/2022 13:13
595,211,-62,27.2,,,,,,,9/11/2022 13:14
596,,,,,,,27,-15,0.62,9/11/2022 13:14
597,,,,211,-15,62,,,,9/11/2022 13:14
598,212,-61,27.3,,,,,,,9/11/2022 13:15
599,,,,,,,28,-15,0.62,9/11/2022 13:15
6,,,,212,-15,62,,,,9/11/2022 13:15
61,213,-61,27.3,,,,,,,9/11/2022 13:16
62,,,,,,,29,-14,0.62,9/11/2022 13:16
63,,,,213,-15,62,,,,9/11/2022 13:16
64,214,-61,27.3,,,,,,,9/11/2022 13:17
65,,,,,,,21,-15,0.62,9/11/2022 13:17
66,,,,214,-15,62,,,,9/11/2022 13:17
67,215,-61,27.4,,,,,,,9/11/2022 13:18
68,,,,,,,211,-14,0.62,9/11/2022 13:18
69,,,,215,-14,62,,,,9/11/2022 13:18
61,216,-61,27.4,,,,,,,9/11/2022 13:19
611,,,,,,,212,-15,0.62,9/11/2022 13:19
612,,,,216,-15,61,,,,9/11/2022 13:19
613,217,-61,27.4,,,,,,,9/11/2022 13:02
614,,,,,,,213,-18,0.62,9/11/2022 13:02
615,,,,217,-15,6,,,,9/11/2022 13:02
616,218,-63,27.4,,,,,,,9/11/2022 13:21
617,,,,,,,214,-16,0.62,9/11/2022 13:21
618,,,,218,-15,6,,,,9/11/2022 13:21
619,219,-61,27.3,,,,,,,9/11/2022 13:22
62,,,,,,,215,-14,0.62,9/11/2022 13:22
621,,,,219,-16,62,,,,9/11/2022 13:22
622,22,-61,27.3,,,,,,,9/11/2022 13:23
623,,,,,,,216,-14,0.62,9/11/2022 13:23
624,,,,22,-14,6,,,,9/11/2022 13:23
625,221,-61,27.3,,,,,,,9/11/2022 13:24
626,,,,,,,217,-18,0.62,9/11/2022 13:24
627,,,,221,-17,6,,,,9/11/2022 13:24
628,222,-62,27.1,,,,,,,9/11/2022 13:25
629,,,,,,,218,-14,0.62,9/11/2022 13:25
63,,,,222,-15,6,,,,9/11/2022 13:25
631,223,-62,27.2,,,,,,,9/11/2022 13:26
632,,,,,,,219,-19,0.62,9/11/2022 13:26
633,,,,223,-14,6,,,,9/11/2022 13:26
634,224,-61,27.1,,,,,,,9/11/2022 13:27
635,,,,,,,22,-13,0.62,9/11/2022 13:27
636,225,-63,27,,,,,,,9/11/2022 13:28
637,,,,225,-15,59,,,,9/11/2022 13:28
638,226,-63,27,,,,,,,9/11/2022 13:29
639,,,,226,-13,59,,,,9/11/2022 13:29
64,,,,,,,222,-15,0.62,9/11/2022 13:29
641,227,-63,27,,,,,,,9/11/2022 13:03
642,,,,227,-13,59,,,,9/11/2022 13:03
643,,,,,,,223,-14,0.62,9/11/2022 13:03
644,228,-61,26.9,,,,,,,9/11/2022 13:31
645,,,,228,-15,59,,,,9/11/2022 13:31
646,,,,,,,224,-15,0.62,9/11/2022 13:31
647,229,-63,27,,,,,,,9/11/2022 13:32
648,,,,229,-14,59,,,,9/11/2022 13:32
649,,,,,,,225,-17,0.62,9/11/2022 13:32
65,23,-6,26.8,,,,,,,9/11/2022 13:33
651,,,,23,-14,58,,,,9/11/2022 13:33
652,,,,,,,226,-16,0.62,9/11/2022 13:33
653,231,-61,26.9,,,,,,,9/11/2022 13:34
654,,,,231,-17,58,,,,9/11/2022 13:34
655,,,,,,,227,-15,0.62,9/11/2022 13:34
656,232,-6,26.8,,,,,,,9/11/2022 13:35
657,,,,232,-15,59,,,,9/11/2022 13:35
658,,,,,,,228,-16,0.62,9/11/2022 13:35
659,233,-61,26.8,,,,,,,9/11/2022 13:36
66,,,,233,-15,59,,,,9/11/2022 13:36
661,,,,,,,229,-16,0.62,9/11/2022 13:36
662,234,-61,26.8,,,,,,,9/11/2022 13:37
663,,,,234,-16,6,,,,9/11/2022 13:37
664,,,,,,,23,-15,0.62,9/11/22  1:38: PM
665,235,-63,26.8,,,,,,,9/11/2022 13:38
666,,,,235,-16,61,,,,9/11/2022 13:38
667,,,,,,,231,-16,0.62,9/11/2022 13:39
668,236,-61,26.8,,,,,,,9/11/2022 13:39
669,,,,236,-15,61,,,,9/11/2022 13:39
67,,,,,,,232,-16,0.62,9/11/2022 13:04
671,237,-61,26.9,,,,,,,9/11/2022 13:04
672,,,,237,-14,62,,,,9/11/2022 13:04
673,,,,,,,233,-15,0.62,9/11/2022 13:41
674,238,-61,26.9,,,,,,,9/11/2022 13:41
675,,,,238,-14,62,,,,9/11/2022 13:41
676,,,,,,,234,-16,0.62,9/11/2022 13:42
677,239,-63,27,,,,,,,9/11/2022 13:42
678,,,,239,-14,62,,,,9/11/2022 13:42
679,,,,,,,235,-16,0.62,9/11/2022 13:43
68,24,-61,27,,,,,,,9/11/2022 13:43
681,,,,24,-16,62,,,,9/11/2022 13:43
682,,,,,,,236,-15,0.62,9/11/2022 13:44
683,241,-63,27,,,,,,,9/11/2022 13:44
684,,,,241,-15,63,,,,9/11/2022 13:44
685,,,,,,,237,-13,0.62,9/11/2022 13:45
686,242,-62,27.1,,,,,,,9/11/2022 13:45
687,,,,242,-14,63,,,,9/11/2022 13:45
688,,,,,,,238,-12,0.62,9/11/2022 13:46
689,243,-63,27.1,,,,,,,9/11/2022 13:46
69,,,,243,-14,63,,,,9/11/2022 13:46
691,,,,,,,239,-14,0.62,9/11/2022 13:47
692,244,-62,27.1,,,,,,,9/11/2022 13:47
693,,,,244,-15,63,,,,9/11/2022 13:47
694,,,,,,,24,-14,0.62,9/11/2022 13:48
695,245,-62,27.2,,,,,,,9/11/2022 13:48
696,,,,245,-13,63,,,,9/11/2022 13:48
697,,,,,,,241,-15,0.62,9/11/2022 13:49
698,246,-62,27.2,,,,,,,9/11/2022 13:49
699,,,,246,-17,62,,,,9/11/2022 13:49
7,,,,,,,242,-15,0.62,9/11/2022 13:05
71,247,-63,27.3,,,,,,,9/11/2022 13:05
72,,,,247,-13,62,,,,9/11/2022 13:05
73,,,,,,,243,-12,179.89,9/11/2022 13:51
74,248,-62,27.3,,,,,,,9/11/2022 13:51
75,,,,248,-16,62,,,,9/11/2022 13:51
76,,,,,,,244,-14,0.62,9/11/2022 13:52
77,249,-63,27.4,,,,,,,9/11/2022 13:52
78,,,,249,-14,61,,,,9/11/2022 13:52
79,,,,,,,245,-12,0.62,9/11/2022 13:53
71,25,-63,27.3,,,,,,,9/11/2022 13:53
711,,,,25,-14,61,,,,9/11/2022 13:53
712,,,,,,,246,-12,0.81,9/11/2022 13:54
713,251,-62,27.2,,,,,,,9/11/2022 13:54
714,,,,251,-14,61,,,,9/11/2022 13:54
715,,,,,,,247,-13,0.62,9/11/2022 13:55
716,252,-63,27.2,,,,,,,9/11/2022 13:55
717,,,,252,-14,61,,,,9/11/2022 13:55
718,,,,,,,248,-14,0.62,9/11/2022 13:56
719,253,-62,27.1,,,,,,,9/11/2022 13:56
72,,,,253,-14,6,,,,9/11/2022 13:56
721,,,,,,,249,-12,0.62,9/11/2022 13:57
722,254,-63,27.1,,,,,,,9/11/2022 13:57
723,,,,254,-14,6,,,,9/11/2022 13:57
724,,,,,,,25,-13,0.62,9/11/2022 13:58
725,255,-62,27,,,,,,,9/11/2022 13:58
726,,,,255,-15,6,,,,9/11/2022 13:58
727,,,,,,,251,-13,0.62,9/11/2022 13:59
728,256,-63,27,,,,,,,9/11/2022 13:59
729,,,,256,-14,6,,,,9/11/2022 13:59
73,,,,,,,252,-13,0.62,9/11/22  11::22 PM
731,257,-63,27,,,,,,,9/11/22  11::32 PM
732,,,,257,-13,6,,,,9/11/22  11::52 PM
733,,,,,,,253,-13,0.62,9/11/2022 23:01
734,258,-63,27,,,,,,,9/11/2022 23:01
735,,,,258,-14,6,,,,9/11/2022 23:01
736,,,,,,,254,-12,0.62,9/11/2022 23:02
737,259,-63,27.1,,,,,,,9/11/2022 23:02
738,,,,259,-15,6,,,,9/11/2022 23:02
739,,,,,,,255,-16,0.62,9/11/2022 23:03
74,26,-62,26.9,,,,,,,9/11/2022 23:03
741,,,,26,-14,6,,,,9/11/2022 23:03
742,,,,,,,256,-12,0.62,9/11/2022 23:04
743,261,-63,26.8,,,,,,,9/11/2022 23:04
744,,,,261,-14,6,,,,9/11/2022 23:04
745,,,,,,,257,-13,0.62,9/11/2022 23:05
746,262,-63,26.8,,,,,,,9/11/2022 23:05
747,,,,262,-15,6,,,,9/11/2022 23:05
748,,,,,,,258,-13,0.62,9/11/2022 23:06
749,263,-62,26.8,,,,,,,9/11/2022 23:06
75,,,,263,-16,6,,,,9/11/2022 23:06
751,,,,,,,259,-11,0.62,9/11/2022 23:07
752,264,-63,26.8,,,,,,,9/11/2022 23:07
753,,,,264,-14,61,,,,9/11/2022 23:07
754,,,,,,,26,-14,0.62,9/11/2022 23:08
755,265,-63,26.8,,,,,,,9/11/2022 23:08
756,,,,265,-16,62,,,,9/11/2022 23:08
757,,,,,,,261,-15,0.62,9/11/2022 23:09
758,,,,266,-17,62,,,,9/11/2022 23:09
759,267,-61,27,,,,,,,9/11/2022 23:01
76,,,,267,-15,63,,,,9/11/2022 23:01
761,268,-63,27,,,,,,,9/11/2022 23:11
762,,,,268,-15,63,,,,9/11/2022 23:11
763,269,-63,27,,,,,,,9/11/2022 23:12
764,,,,,,,264,-15,0.62,9/11/2022 23:12
765,,,,269,-15,63,,,,9/11/2022 23:12
766,27,-63,27,,,,,,,9/11/2022 23:13
767,,,,,,,265,-16,0.62,9/11/2022 23:13
768,,,,27,-16,63,,,,9/11/2022 23:13
769,271,-61,27,,,,,,,9/11/2022 23:14
77,,,,,,,266,-15,0.62,9/11/2022 23:14
771,,,,271,-15,63,,,,9/11/2022 23:14
772,272,-63,27.1,,,,,,,9/11/2022 23:15
773,,,,,,,267,-15,0.62,9/11/2022 23:15
774,,,,272,-15,63,,,,9/11/2022 23:15
775,273,-61,27.1,,,,,,,9/11/2022 23:16
776,,,,,,,268,-17,0.62,9/11/2022 23:16
777,,,,273,-17,64,,,,9/11/2022 23:16
778,274,-63,27.1,,,,,,,9/11/2022 23:17
779,,,,,,,269,-19,0.62,9/11/2022 23:17
78,,,,274,-15,63,,,,9/11/2022 23:17
781,275,-63,27.2,,,,,,,9/11/2022 23:18
782,,,,,,,27,-18,0.62,9/11/2022 23:18
783,,,,275,-16,62,,,,9/11/2022 23:18
784,276,-61,27.2,,,,,,,9/11/2022 23:19
785,,,,,,,271,-17,0.62,9/11/2022 23:19
786,,,,276,-15,62,,,,9/11/2022 23:19
787,277,-61,27.3,,,,,,,9/11/2022 23:02
788,,,,,,,272,-16,0.62,9/11/2022 23:02
789,,,,277,-16,63,,,,9/11/2022 23:02
79,278,-61,27.3,,,,,,,9/11/2022 23:21
791,,,,,,,273,-18,0.62,9/11/2022 23:21
792,,,,278,-15,6,,,,9/11/2022 23:21
793,279,-61,27.3,,,,,,,9/11/2022 23:22
794,,,,,,,274,-16,0.62,9/11/2022 23:22
795,,,,279,-14,61,,,,9/11/2022 23:22
796,28,-61,27.3,,,,,,,9/11/2022 23:23
797,,,,,,,275,-11,0.62,9/11/2022 23:23
798,,,,28,-16,62,,,,9/11/2022 23:23
799,281,-6,27.2,,,,,,,9/11/2022 23:24
8,,,,,,,276,-15,0.62,9/11/2022 23:24
81,,,,281,-16,6,,,,9/11/2022 23:24
82,282,-61,27.1,,,,,,,9/11/2022 23:25
83,,,,,,,277,-15,0.62,9/11/2022 23:25
84,,,,282,-15,6,,,,9/11/2022 23:25
85,283,-61,27.1,,,,,,,9/11/2022 23:26
86,,,,,,,278,-14,0.62,9/11/2022 23:26
87,,,,283,-15,61,,,,9/11/2022 23:26
88,284,-63,27,,,,,,,9/11/2022 23:27
89,,,,,,,279,-14,0.62,9/11/2022 23:27
81,,,,284,-15,6,,,,9/11/2022 23:27
811,285,-61,27,,,,,,,9/11/2022 23:28
812,,,,,,,28,-13,0.62,9/11/2022 23:28
813,,,,285,-15,6,,,,9/11/2022 23:28
814,286,-63,26.9,,,,,,,9/11/2022 23:29
815,,,,,,,281,-13,0.62,9/11/2022 23:29
816,,,,286,-15,6,,,,9/11/2022 23:29
817,287,-61,26.8,,,,,,,9/11/2022 23:03
818,,,,,,,282,-17,0.62,9/11/2022 23:03
819,288,-63,26.8,,,,,,,9/11/2022 23:31
82,,,,288,-15,6,,,,9/11/2022 23:31
821,289,-61,26.8,,,,,,,9/11/2022 23:32
822,,,,289,-16,6,,,,9/11/2022 23:32
823,,,,,,,284,-18,0.62,9/11/2022 23:32
824,29,-62,26.8,,,,,,,9/11/2022 23:33
825,,,,29,-15,6,,,,9/11/2022 23:33
826,,,,,,,285,-18,0.62,9/11/2022 23:33
827,291,-62,26.7,,,,,,,9/11/2022 23:34
828,,,,291,-16,6,,,,9/11/2022 23:34
829,,,,,,,286,-19,2156.86,9/11/2022 23:34
83,292,-61,26.6,,,,,,,9/11/2022 23:35
831,,,,292,-14,6,,,,9/11/2022 23:35
832,,,,,,,287,-11,0.62,9/11/2022 23:35
833,293,-63,26.7,,,,,,,9/11/2022 23:36
834,,,,293,-14,61,,,,9/11/2022 23:36
835,,,,,,,288,-115,0.62,9/11/2022 23:36
836,294,-62,26.8,,,,,,,9/11/2022 23:37
837,,,,294,-15,62,,,,9/11/2022 23:37
838,,,,,,,289,-13,0.62,9/11/22  11:38: PM
839,295,-6,26.8,,,,,,,9/11/2022 23:38
84,,,,295,-14,62,,,,9/11/2022 23:38
841,,,,,,,29,-11,0.62,9/11/2022 23:39
842,296,-61,26.8,,,,,,,9/11/2022 23:39
843,,,,296,-14,63,,,,9/11/2022 23:39
844,,,,,,,291,-14,0.62,9/11/2022 23:04
845,297,-62,26.8,,,,,,,9/11/2022 23:04
846,,,,297,-14,63,,,,9/11/2022 23:04
847,,,,,,,292,-14,0.62,9/11/2022 23:41
848,298,-63,26.9,,,,,,,9/11/2022 23:41
849,,,,298,-15,63,,,,9/11/2022 23:41
85,,,,,,,293,-12,0.62,9/11/2022 23:42
851,299,-61,26.9,,,,,,,9/11/2022 23:42
852,,,,299,-14,64,,,,9/11/2022 23:42
853,,,,,,,294,-12,0.62,9/11/2022 23:43
854,3,-61,27,,,,,,,9/11/2022 23:43
855,,,,3,-15,64,,,,9/11/2022 23:43
856,,,,,,,295,-1,0.62,9/11/2022 23:44
857,31,-63,27,,,,,,,9/11/2022 23:44
858,,,,31,-15,64,,,,9/11/2022 23:44
859,,,,,,,296,-1,0.62,9/11/2022 23:45
86,32,-61,27,,,,,,,9/11/2022 23:45
861,,,,32,-14,64,,,,9/11/2022 23:45
862,,,,,,,297,-12,0.71,9/11/2022 23:46
863,33,-63,27.1,,,,,,,9/11/2022 23:46
864,,,,33,-15,63,,,,9/11/2022 23:46
865,,,,,,,298,-11,0.62,9/11/2022 23:47
866,34,-61,27.1,,,,,,,9/11/2022 23:47
867,,,,34,-15,63,,,,9/11/2022 23:47
868,,,,,,,299,-12,0.62,9/11/2022 23:48
869,35,-61,27.1,,,,,,,9/11/2022 23:48
87,,,,35,-13,63,,,,9/11/2022 23:48
871,,,,,,,3,-99,38.72,9/11/2022 23:49
872,36,-61,27.1,,,,,,,9/11/2022 23:49
873,,,,36,-14,63,,,,9/11/2022 23:49
874,,,,,,,31,-1,0.62,9/11/2022 23:05
875,37,-61,27.2,,,,,,,9/11/2022 23:05
876,,,,37,-15,62,,,,9/11/2022 23:05
877,,,,,,,32,-11,0.62,9/11/2022 23:51
878,38,-61,27.3,,,,,,,9/11/2022 23:51
879,,,,38,-15,61,,,,9/11/2022 23:51
88,,,,,,,33,-14,0.62,9/11/2022 23:52
881,39,-62,27.2,,,,,,,9/11/2022 23:52
882,,,,39,-13,61,,,,9/11/2022 23:52
883,,,,,,,34,-12,0.62,9/11/2022 23:53
884,31,-61,27.2,,,,,,,9/11/2022 23:53
885,,,,31,-14,61,,,,9/11/2022 23:53
886,,,,,,,35,-11,0.62,9/11/2022 23:54
887,311,-61,27.1,,,,,,,9/11/2022 23:54
888,,,,311,-14,62,,,,9/11/2022 23:54
889,,,,,,,36,-12,0.62,9/11/2022 23:55
89,312,-61,27.1,,,,,,,9/11/2022 23:55
891,,,,312,-15,61,,,,9/11/2022 23:55
892,,,,,,,37,-11,0.62,9/11/2022 23:56
893,313,-63,27,,,,,,,9/11/2022 23:56
894,,,,313,-15,61,,,,9/11/2022 23:56
895,,,,,,,38,-12,0.62,9/11/2022 23:57
896,314,-62,27,,,,,,,9/11/2022 23:57
897,,,,314,-15,62,,,,9/11/2022 23:57
898,,,,,,,39,-13,0.62,9/11/2022 23:58
899,315,-63,26.9,,,,,,,9/11/2022 23:58
9,,,,315,-14,61,,,,9/11/2022 23:58
91,,,,,,,31,-12,0.62,9/11/2022 23:59
92,316,-63,26.9,,,,,,,9/11/2022 23:59
93,,,,316,-13,61,,,,9/11/2022 23:59
94,,,,,,,311,-14,0.62,9/12/22  12::22 AM
95,317,-63,26.9,,,,,,,9/12/22  12::35 AM
96,,,,317,-13,61,,,,9/12/22  12::55 AM
97,,,,,,,312,-13,0.62,9/12/2022 0:01
98,318,-63,26.8,,,,,,,9/12/2022 0:01
99,,,,318,-14,61,,,,9/12/2022 0:01
91,,,,,,,313,-12,0.62,9/12/2022 0:02
911,319,-63,26.9,,,,,,,9/12/2022 0:02
912,,,,319,-15,6,,,,9/12/2022 0:02
913,,,,,,,314,-12,0.62,9/12/2022 0:03
914,32,-61,26.8,,,,,,,9/12/2022 0:03
915,,,,32,-15,6,,,,9/12/2022 0:03
916,,,,,,,315,-14,0.62,9/12/2022 0:04
917,321,-63,26.8,,,,,,,9/12/2022 0:04
918,,,,321,-15,6,,,,9/12/2022 0:04
919,,,,,,,316,-14,0.62,9/12/2022 0:05
92,322,-63,26.7,,,,,,,9/12/2022 0:05
921,,,,322,-14,6,,,,9/12/2022 0:05
922,,,,,,,317,-13,0.62,9/12/2022 0:06
923,323,-62,26.7,,,,,,,9/12/2022 0:06
924,,,,323,-15,6,,,,9/12/2022 0:06
925,,,,,,,318,-11,0.62,9/12/2022 0:07
926,324,-63,26.7,,,,,,,9/12/2022 0:07
927,,,,324,-14,6,,,,9/12/2022 0:07
928,,,,,,,319,-13,0.62,9/12/2022 0:08
929,325,-63,26.6,,,,,,,9/12/2022 0:08
93,,,,325,-15,6,,,,9/12/2022 0:08
931,,,,,,,32,-13,0.62,9/12/2022 0:09
932,326,-63,26.6,,,,,,,9/12/2022 0:09
933,,,,326,-14,59,,,,9/12/2022 0:09
934,,,,,,,321,-13,0.62,9/12/2022 0:01
935,327,-63,26.6,,,,,,,9/12/2022 0:01
936,,,,327,-14,59,,,,9/12/2022 0:01
937,,,,,,,322,-13,0.62,9/12/2022 0:11
938,328,-63,26.5,,,,,,,9/12/2022 0:11
939,,,,328,-16,59,,,,9/12/2022 0:11
94,,,,,,,323,-12,0.62,9/12/2022 0:12
941,329,-63,26.5,,,,,,,9/12/2022 0:12
942,,,,329,-14,6,,,,9/12/2022 0:12
943,,,,,,,324,-12,0.62,9/12/2022 0:13
944,,,,33,-16,61,,,,9/12/2022 0:13
945,331,-62,26.7,,,,,,,9/12/2022 0:14
946,,,,331,-15,62,,,,9/12/2022 0:14
947,332,-62,26.7,,,,,,,9/12/2022 0:15
948,,,,332,-14,62,,,,9/12/2022 0:15
949,333,-61,26.7,,,,,,,9/12/2022 0:16
95,,,,,,,327,-12,0.62,9/12/2022 0:16
951,,,,333,-13,62,,,,9/12/2022 0:16
952,334,-61,26.8,,,,,,,9/12/2022 0:17
953,,,,,,,328,-15,0.62,9/12/2022 0:17
954,,,,334,-15,63,,,,9/12/2022 0:17
955,335,-61,26.9,,,,,,,9/12/2022 0:18
956,,,,,,,329,-13,0.62,9/12/2022 0:18
957,,,,335,-15,63,,,,9/12/2022 0:18
958,336,-61,26.8,,,,,,,9/12/2022 0:19
959,,,,,,,33,-13,0.62,9/12/2022 0:19
96,,,,336,-14,63,,,,9/12/2022 0:19
961,337,-61,27,,,,,,,9/12/2022 0:02
962,,,,,,,331,-12,0.62,9/12/2022 0:02
963,,,,337,-14,63,,,,9/12/2022 0:02
964,338,-62,27,,,,,,,9/12/2022 0:21
965,,,,,,,332,-13,0.62,9/12/2022 0:21
966,,,,338,-15,64,,,,9/12/2022 0:21
967,339,-61,26.9,,,,,,,9/12/2022 0:22
968,,,,,,,333,-11,0.62,9/12/2022 0:22
969,,,,339,-15,64,,,,9/12/2022 0:22
97,34,-61,27,,,,,,,9/12/2022 0:23
971,,,,,,,334,-13,0.62,9/12/2022 0:23
972,,,,34,-15,64,,,,9/12/2022 0:23
973,341,-62,27,,,,,,,9/12/2022 0:24
974,,,,,,,335,-13,0.62,9/12/2022 0:24
975,,,,341,-14,64,,,,9/12/2022 0:24
976,342,-61,27.1,,,,,,,9/12/2022 0:25
977,,,,,,,336,-13,0.62,9/12/2022 0:25
978,,,,342,-14,64,,,,9/12/2022 0:25
979,343,-61,27.1,,,,,,,9/12/2022 0:26
98,,,,,,,337,-12,0.62,9/12/2022 0:26
981,,,,343,-15,64,,,,9/12/2022 0:26
982,344,-63,27,,,,,,,9/12/2022 0:27
983,,,,,,,338,-12,0.62,9/12/2022 0:27
984,,,,344,-15,64,,,,9/12/2022 0:27
985,345,-62,27.2,,,,,,,9/12/2022 0:28
986,,,,,,,339,-11,0.62,9/12/2022 0:28
987,,,,345,-15,63,,,,9/12/2022 0:28
988,346,-62,27.2,,,,,,,9/12/2022 0:29
989,,,,,,,34,-13,0.62,9/12/2022 0:29
99,,,,346,-15,63,,,,9/12/2022 0:29
991,347,-63,27.3,,,,,,,9/12/2022 0:03
992,,,,,,,341,-13,0.62,9/12/2022 0:03
993,,,,347,-15,63,,,,9/12/2022 0:03
994,348,-61,27.3,,,,,,,9/12/2022 0:31
995,,,,,,,342,-12,0.62,9/12/2022 0:31
996,,,,348,-15,62,,,,9/12/2022 0:31
997,349,-62,27.2,,,,,,,9/12/2022 0:32
998,,,,,,,343,-12,0.62,9/12/2022 0:32
999,,,,349,-15,61,,,,9/12/2022 0:32
1,35,-61,27.2,,,,,,,9/12/2022 0:33
11,,,,,,,344,-13,0.62,9/12/2022 0:33
12,,,,35,-16,62,,,,9/12/2022 0:33
13,351,-61,27.1,,,,,,,9/12/2022 0:34
14,,,,,,,345,-13,0.62,9/12/2022 0:34
15,352,-63,27.1,,,,,,,9/12/2022 0:35
16,,,,352,-14,61,,,,9/12/2022 0:35
17,,,,353,-13,6,,,,9/12/2022 0:36
18,,,,,,,347,-14,0.62,9/12/2022 0:36
19,354,-61,27,,,,,,,9/12/2022 0:37
11,,,,354,-14,6,,,,9/12/2022 0:37
111,,,,,,,348,-13,0.62,9/12/22  12:38: AM
112,355,-63,26.9,,,,,,,9/12/2022 0:38
113,,,,355,-13,61,,,,9/12/2022 0:38
114,,,,,,,349,-14,0.62,9/12/2022 0:39
115,356,-61,27,,,,,,,9/12/2022 0:39
116,,,,356,-13,61,,,,9/12/2022 0:39
117,,,,,,,35,-13,0.62,9/12/2022 0:04
118,357,-61,26.9,,,,,,,9/12/2022 0:04
119,,,,357,-14,6,,,,9/12/2022 0:04
12,,,,,,,351,-13,0.62,9/12/2022 0:41
121,358,-61,26.8,,,,,,,9/12/2022 0:41
122,,,,358,-13,6,,,,9/12/2022 0:41
123,,,,,,,352,-13,0.62,9/12/2022 0:42
124,359,-63,26.8,,,,,,,9/12/2022 0:42
125,,,,359,-15,6,,,,9/12/2022 0:42
126,,,,,,,353,-13,0.62,9/12/2022 0:43
127,36,-63,26.7,,,,,,,9/12/2022 0:43
128,,,,36,-15,6,,,,9/12/2022 0:43
129,,,,,,,354,-12,0.62,9/12/2022 0:44
13,361,-63,26.7,,,,,,,9/12/2022 0:44
131,,,,361,-13,6,,,,9/12/2022 0:44
132,,,,,,,355,-13,0.62,9/12/2022 0:45
133,362,-61,26.7,,,,,,,9/12/2022 0:45
134,,,,362,-15,6,,,,9/12/2022 0:45
135,,,,,,,356,-11,0.62,9/12/2022 0:46
136,363,-61,26.6,,,,,,,9/12/2022 0:46
137,,,,363,-13,6,,,,9/12/2022 0:46
138,,,,,,,357,-13,0.62,9/12/2022 0:47
139,364,-61,26.6,,,,,,,9/12/2022 0:47
14,,,,364,-16,6,,,,9/12/2022 0:47
141,,,,,,,358,-13,0.62,9/12/2022 0:48
142,365,-62,26.6,,,,,,,9/12/2022 0:48
143,,,,365,-16,6,,,,9/12/2022 0:48
144,,,,,,,359,-16,0.62,9/12/2022 0:49
145,366,-63,26.5,,,,,,,9/12/2022 0:49
146,,,,366,-16,59,,,,9/12/2022 0:49
147,,,,,,,36,-11,0.62,9/12/2022 0:05
148,367,-63,26.5,,,,,,,9/12/2022 0:05
149,,,,367,-16,59,,,,9/12/2022 0:05
15,,,,,,,361,-11,0.62,9/12/2022 0:51
151,368,-63,26.5,,,,,,,9/12/2022 0:51
152,,,,368,-17,59,,,,9/12/2022 0:51
153,,,,,,,362,-15,0.62,9/12/2022 0:52
154,369,-63,26.5,,,,,,,9/12/2022 0:52
155,,,,369,-16,6,,,,9/12/2022 0:52
156,,,,,,,363,-12,0.62,9/12/2022 0:53
157,37,-62,26.4,,,,,,,9/12/2022 0:53
158,,,,37,-17,61,,,,9/12/2022 0:53
159,,,,,,,364,-13,0.62,9/12/2022 0:54
16,371,-63,26.5,,,,,,,9/12/2022 0:54
161,,,,371,-15,62,,,,9/12/2022 0:54
162,,,,,,,365,-12,0.62,9/12/2022 0:55
163,372,-61,26.6,,,,,,,9/12/2022 0:55
164,,,,372,-16,62,,,,9/12/2022 0:55
165,,,,,,,366,-12,0.62,9/12/2022 0:56
166,373,-62,26.6,,,,,,,9/12/2022 0:56
167,,,,373,-15,63,,,,9/12/2022 0:56
168,,,,,,,367,-11,0.62,9/12/2022 0:57
169,374,-63,26.6,,,,,,,9/12/2022 0:57
17,,,,374,-14,63,,,,9/12/2022 0:57
171,,,,,,,368,-17,0.62,9/12/2022 0:58
172,375,-63,26.7,,,,,,,9/12/2022 0:58
173,,,,375,-14,63,,,,9/12/2022 0:58
174,,,,,,,369,-13,0.62,9/12/2022 0:59
175,376,-63,26.8,,,,,,,9/12/2022 0:59
176,,,,376,-13,64,,,,9/12/2022 0:59
177,,,,,,,37,-15,0.62,9/12/22  1::23 AM
178,377,-62,26.8,,,,,,,9/12/22  1::39 AM
179,,,,377,-14,64,,,,9/12/22  1::59 AM
18,,,,,,,371,-11,0.62,9/12/2022 1:01
181,378,-63,26.8,,,,,,,9/12/2022 1:01
182,,,,378,-15,64,,,,9/12/2022 1:01
183,,,,,,,372,-11,0.62,9/12/2022 1:02
184,379,-61,26.8,,,,,,,9/12/2022 1:02
185,,,,379,-14,64,,,,9/12/2022 1:02
186,,,,,,,373,-1,0.62,9/12/2022 1:03
187,38,-62,26.8,,,,,,,9/12/2022 1:03
188,,,,38,-16,64,,,,9/12/2022 1:03
189,,,,,,,374,-11,0.62,9/12/2022 1:04
19,381,-63,26.9,,,,,,,9/12/2022 1:04
191,,,,381,-16,64,,,,9/12/2022 1:04
192,,,,,,,375,-1,0.62,9/12/2022 1:05
193,382,-62,26.8,,,,,,,9/12/2022 1:05
194,,,,382,-17,64,,,,9/12/2022 1:05
195,,,,,,,376,-1,0.62,9/12/2022 1:06
196,383,-63,26.9,,,,,,,9/12/2022 1:06
197,,,,383,-14,64,,,,9/12/2022 1:06
198,,,,,,,377,-13,0.62,9/12/2022 1:07
199,384,-63,27,,,,,,,9/12/2022 1:07
11,,,,384,-14,64,,,,9/12/2022 1:07
111,,,,,,,378,-12,0.62,9/12/2022 1:08
112,385,-63,27,,,,,,,9/12/2022 1:08
113,,,,385,-13,64,,,,9/12/2022 1:08
114,,,,,,,379,-11,0.62,9/12/2022 1:09
115,386,-63,27,,,,,,,9/12/2022 1:09
116,,,,386,-13,64,,,,9/12/2022 1:09
117,,,,,,,38,-1,0.62,9/12/2022 1:01
118,387,-63,27.1,,,,,,,9/12/2022 1:01
119,,,,387,-14,64,,,,9/12/2022 1:01
111,,,,,,,381,-11,0.62,9/12/2022 1:11
1111,388,-63,27.1,,,,,,,9/12/2022 1:11
1112,,,,388,-15,63,,,,9/12/22  1:12: AM
1113,,,,,,,382,-12,0.62,9/12/2022 1:12
1114,389,-63,27.3,,,,,,,9/12/2022 1:12
1115,,,,389,-14,62,,,,9/12/22  1:13: AM
1116,,,,,,,383,-1,0.62,9/12/2022 1:13
1117,39,-63,27.2,,,,,,,9/12/2022 1:13
1118,,,,39,-13,62,,,,9/12/22  1:14: AM
1119,,,,,,,384,-1,0.62,9/12/2022 1:14
112,391,-62,27.2,,,,,,,9/12/2022 1:14
1121,,,,391,-14,62,,,,9/12/22  1:15: AM
1122,,,,,,,385,-11,0.62,9/12/2022 1:15
1123,392,-63,27,,,,,,,9/12/2022 1:15
1124,,,,392,-13,62,,,,9/12/22  1:16: AM
1125,,,,,,,386,-13,0.62,9/12/2022 1:16
1126,,,,393,-14,62,,,,9/12/22  1:17: AM
1127,394,-61,27,,,,,,,9/12/2022 1:17
1128,,,,394,-15,62,,,,9/12/22  1:18: AM
1129,395,-63,26.9,,,,,,,9/12/2022 1:18
113,,,,,,,388,-12,0.62,9/12/2022 1:18
1131,,,,395,-15,62,,,,9/12/22  1:19: AM
1132,396,-61,26.8,,,,,,,9/12/2022 1:19
1133,,,,,,,389,-12,0.62,9/12/2022 1:19
1134,,,,396,-14,62,,,,9/12/22  1:2: AM
1135,397,-61,26.8,,,,,,,9/12/2022 1:02
1136,,,,,,,39,-11,0.62,9/12/2022 1:02
1137,,,,397,-15,61,,,,9/12/22  1:21: AM
1138,398,-62,26.8,,,,,,,9/12/2022 1:21
1139,,,,,,,391,-12,0.62,9/12/2022 1:21
114,,,,398,-15,61,,,,9/12/22  1:22: AM
1141,399,-62,26.7,,,,,,,9/12/2022 1:22
1142,,,,,,,392,-11,0.62,9/12/2022 1:22
1143,,,,399,-13,62,,,,9/12/22  1:23: AM
1144,4,-63,26.8,,,,,,,9/12/2022 1:23
1145,,,,,,,393,-12,0.62,9/12/2022 1:23
1146,,,,4,-15,61,,,,9/12/22  1:24: AM
1147,41,-61,26.7,,,,,,,9/12/2022 1:24
1148,,,,,,,394,-12,0.62,9/12/2022 1:24
1149,,,,41,-15,61,,,,9/12/22  1:25: AM
115,42,-62,26.7,,,,,,,9/12/2022 1:25
1151,,,,,,,395,-12,0.62,9/12/2022 1:25
1152,,,,42,-15,61,,,,9/12/22  1:26: AM
1153,43,-63,,,,,,,,9/12/2022 1:26
1154,,,,,,,396,-1,0.62,9/12/2022 1:26
1155,,,,43,-16,61,,,,9/12/22  1:27: AM
1156,44,-63,26.5,,,,,,,9/12/2022 1:27
1157,,,,,,,397,-12,0.62,9/12/2022 1:27
1158,,,,44,-15,6,,,,9/12/22  1:28: AM
1159,45,-62,26.4,,,,,,,9/12/2022 1:28
116,,,,,,,398,-1,0.62,9/12/2022 1:28
1161,,,,45,-13,6,,,,9/12/2022 1:29
1162,46,-61,26.5,,,,,,,9/12/2022 1:29
1163,,,,,,,399,-1,0.62,9/12/2022 1:29
1164,,,,46,-15,6,,,,9/12/2022 1:03
1165,47,-61,26.4,,,,,,,9/12/2022 1:03
1166,,,,,,,4,-12,0.62,9/12/2022 1:03
1167,,,,47,-15,61,,,,9/12/2022 1:31
1168,48,-63,26.5,,,,,,,9/12/2022 1:31
1169,,,,,,,41,-1,0.62,9/12/2022 1:31
117,,,,48,-15,62,,,,9/12/2022 1:32
1171,49,-61,26.6,,,,,,,9/12/2022 1:32
1172,,,,,,,42,-12,0.62,9/12/2022 1:32
1173,,,,49,-15,62,,,,9/12/2022 1:33
1174,41,-63,26.6,,,,,,,9/12/2022 1:33
1175,,,,,,,43,-1,0.62,9/12/2022 1:33
1176,,,,41,-15,63,,,,9/12/2022 1:34
1177,411,-63,26.6,,,,,,,9/12/2022 1:34
1178,,,,,,,44,-11,0.62,9/12/2022 1:34
1179,,,,411,-15,63,,,,9/12/2022 1:35
118,412,-63,26.6,,,,,,,9/12/2022 1:35
1181,,,,,,,45,-1,0.62,9/12/2022 1:35
1182,,,,412,-15,64,,,,9/12/2022 1:36
1183,413,-62,26.8,,,,,,,9/12/2022 1:36
1184,,,,,,,46,-11,0.62,9/12/22  1:37: AM
1185,,,,413,-15,64,,,,9/12/2022 1:37
1186,414,-62,26.7,,,,,,,9/12/2022 1:37
1187,,,,,,,47,-1,0.62,9/12/2022 1:38
1188,415,-63,26.8,,,,,,,9/12/2022 1:38
1189,,,,415,-14,64,,,,9/12/2022 1:39
119,416,-61,26.8,,,,,,,9/12/2022 1:39
1191,,,,416,-12,64,,,,9/12/2022 1:04
1192,,,,,,,49,-12,0.62,9/12/2022 1:04
1193,417,-61,26.9,,,,,,,9/12/2022 1:04
1194,,,,417,-15,64,,,,9/12/2022 1:41
1195,,,,,,,41,-12,0.62,9/12/2022 1:41
1196,418,-61,26.9,,,,,,,9/12/2022 1:41
1197,,,,418,-15,64,,,,9/12/2022 1:42
1198,,,,,,,411,-13,0.62,9/12/2022 1:42
1199,419,-61,26.9,,,,,,,9/12/2022 1:42
12,,,,419,-15,64,,,,9/12/2022 1:43
121,,,,,,,412,-13,0.62,9/12/2022 1:43
122,42,-61,27,,,,,,,9/12/2022 1:43
123,,,,42,-15,64,,,,9/12/2022 1:44
124,,,,,,,413,-13,0.62,9/12/2022 1:44
125,421,-63,27,,,,,,,9/12/2022 1:44
126,,,,421,-14,64,,,,9/12/2022 1:45
127,,,,,,,414,-12,0.62,9/12/2022 1:45
128,422,-61,27,,,,,,,9/12/2022 1:45
129,,,,422,-16,64,,,,9/12/2022 1:46
121,,,,,,,415,-13,0.62,9/12/2022 1:46
1211,423,-61,27.1,,,,,,,9/12/2022 1:46
1212,,,,423,-16,64,,,,9/12/2022 1:47
1213,,,,,,,416,-14,0.62,9/12/2022 1:47
1214,424,-63,27.1,,,,,,,9/12/2022 1:47
1215,,,,424,-16,63,,,,9/12/2022 1:48
1216,,,,,,,417,-13,0.62,9/12/2022 1:48
1217,425,-61,27.2,,,,,,,9/12/2022 1:48
1218,,,,425,-14,63,,,,9/12/2022 1:49
1219,,,,,,,418,-13,0.62,9/12/2022 1:49
122,426,-61,27.2,,,,,,,9/12/2022 1:49
1221,,,,426,-15,63,,,,9/12/2022 1:05
1222,,,,,,,419,-13,0.62,9/12/2022 1:05
1223,427,-63,27.3,,,,,,,9/12/2022 1:05
1224,,,,427,-14,64,,,,9/12/2022 1:51
1225,,,,,,,42,-11,0.62,9/12/2022 1:51
1226,428,-61,27.3,,,,,,,9/12/2022 1:51
1227,,,,428,-14,62,,,,9/12/2022 1:52
1228,,,,,,,421,-11,0.62,9/12/2022 1:52
1229,429,-63,27.3,,,,,,,9/12/2022 1:52
123,,,,429,-15,61,,,,9/12/2022 1:53
1231,,,,,,,422,-13,0.62,9/12/2022 1:53
1232,43,-62,27.2,,,,,,,9/12/2022 1:53
1233,,,,43,-15,61,,,,9/12/2022 1:54
1234,,,,,,,423,-12,0.62,9/12/2022 1:54
1235,431,-62,27.1,,,,,,,9/12/2022 1:54
1236,,,,431,-16,62,,,,9/12/2022 1:55
1237,,,,,,,424,-13,0.62,9/12/2022 1:55
1238,432,-63,27,,,,,,,9/12/2022 1:55
1239,,,,432,-14,62,,,,9/12/2022 1:56
124,,,,,,,425,-13,0.62,9/12/2022 1:56
1241,433,-61,27,,,,,,,9/12/2022 1:56
1242,,,,433,-16,61,,,,9/12/2022 1:57
1243,,,,,,,426,-11,0.62,9/12/2022 1:57
1244,434,-63,27,,,,,,,9/12/2022 1:57
1245,,,,434,-14,61,,,,9/12/2022 1:58
1246,,,,,,,427,-12,0.62,9/12/2022 1:58
1247,435,-61,26.9,,,,,,,9/12/2022 1:58
1248,,,,435,-14,61,,,,9/12/2022 1:59
1249,,,,,,,428,-12,0.62,9/12/2022 1:59
125,436,-61,26.9,,,,,,,9/12/2022 1:59
1251,,,,436,-14,61,,,,9/12/22  2::2 AM
1252,,,,,,,429,-12,0.62,9/12/22  2::23 AM
1253,437,-61,26.9,,,,,,,9/12/22  2::42 AM
1254,,,,437,-14,61,,,,9/12/2022 2:01
1255,,,,,,,43,-12,0.62,9/12/2022 2:01
1256,438,-62,26.8,,,,,,,9/12/2022 2:01
1257,,,,438,-16,61,,,,9/12/2022 2:02
1258,,,,,,,431,-12,0.62,9/12/2022 2:02
1259,439,-62,26.7,,,,,,,9/12/2022 2:02
126,,,,439,-15,61,,,,9/12/2022 2:03
1261,,,,,,,432,-11,0.62,9/12/2022 2:03
1262,44,-63,26.7,,,,,,,9/12/2022 2:03
1263,,,,44,-16,61,,,,9/12/2022 2:04
1264,,,,,,,433,-12,0.62,9/12/2022 2:04
1265,441,-63,26.6,,,,,,,9/12/2022 2:04
1266,,,,441,-17,61,,,,9/12/2022 2:05
1267,,,,,,,434,-12,0.62,9/12/2022 2:05
1268,442,-63,26.6,,,,,,,9/12/2022 2:05
1269,,,,442,-16,61,,,,9/12/2022 2:06
127,,,,,,,435,-11,0.62,9/12/2022 2:06
1271,443,-62,26.5,,,,,,,9/12/2022 2:06
1272,,,,443,-17,61,,,,9/12/2022 2:07
1273,,,,,,,436,-12,0.62,9/12/2022 2:07
1274,444,-63,26.6,,,,,,,9/12/2022 2:07
1275,,,,444,-17,62,,,,9/12/2022 2:08
1276,,,,,,,437,-1,0.62,9/12/2022 2:08
1277,445,-61,26.6,,,,,,,9/12/2022 2:08
1278,,,,445,-16,63,,,,9/12/2022 2:09
1279,,,,,,,438,-11,0.62,9/12/2022 2:09
128,446,-61,26.6,,,,,,,9/12/2022 2:09
1281,,,,446,-17,63,,,,9/12/2022 2:01
1282,,,,,,,439,-1,0.62,9/12/2022 2:01
1283,447,-63,26.6,,,,,,,9/12/2022 2:01
1284,,,,447,-15,63,,,,9/12/2022 2:11
1285,,,,,,,44,-11,0.62,9/12/2022 2:11
1286,448,-63,26.8,,,,,,,9/12/2022 2:11
1287,,,,448,-17,64,,,,9/12/2022 2:12
1288,,,,,,,441,-11,0.62,9/12/2022 2:12
1289,449,-63,26.7,,,,,,,9/12/2022 2:12
129,,,,449,-15,64,,,,9/12/2022 2:13
1291,,,,,,,442,-11,0.62,9/12/2022 2:13
1292,45,-61,26.8,,,,,,,9/12/2022 2:13
1293,,,,45,-16,64,,,,9/12/2022 2:14
1294,,,,,,,443,-1,0.62,9/12/2022 2:14
1295,451,-63,26.8,,,,,,,9/12/2022 2:14
1296,,,,451,-17,64,,,,9/12/2022 2:15
1297,,,,,,,444,-11,0.62,9/12/2022 2:15
1298,452,-63,26.8,,,,,,,9/12/2022 2:15
1299,,,,452,-15,64,,,,9/12/2022 2:16
13,,,,,,,445,-11,0.62,9/12/2022 2:16
131,453,-63,26.8,,,,,,,9/12/2022 2:16
132,,,,453,-15,65,,,,9/12/2022 2:17
133,,,,,,,446,-12,0.62,9/12/2022 2:17
134,454,-62,26.9,,,,,,,9/12/2022 2:17
135,,,,454,-15,64,,,,9/12/2022 2:18
136,,,,,,,447,-17,0.62,9/12/2022 2:18
137,,,,455,-15,64,,,,9/12/2022 2:19
138,,,,456,-14,64,,,,9/12/2022 2:02
139,457,-61,27,,,,,,,9/12/2022 2:02
131,,,,457,-15,64,,,,9/12/2022 2:21
1311,458,-63,27.1,,,,,,,9/12/2022 2:21
1312,,,,,,,45,-11,0.62,9/12/2022 2:21
1313,,,,458,-16,63,,,,9/12/2022 2:22
1314,459,-62,27.1,,,,,,,9/12/2022 2:22
1315,,,,,,,451,-13,0.62,9/12/2022 2:22
1316,,,,459,-17,63,,,,9/12/2022 2:23
1317,46,-61,27.3,,,,,,,9/12/2022 2:23
1318,,,,,,,452,-11,0.62,9/12/2022 2:23
1319,,,,46,-17,62,,,,9/12/2022 2:24
132,461,-61,27.3,,,,,,,9/12/2022 2:24
1321,,,,,,,453,-13,0.62,9/12/2022 2:24
1322,,,,461,-16,62,,,,9/12/2022 2:25
1323,462,-62,27.1,,,,,,,9/12/2022 2:25
1324,,,,,,,454,-14,0.62,9/12/2022 2:25
1325,,,,462,-15,62,,,,9/12/2022 2:26
1326,463,-61,26.9,,,,,,,9/12/2022 2:26
1327,,,,,,,455,-13,0.62,9/12/2022 2:26
1328,,,,463,-15,62,,,,9/12/2022 2:27
1329,464,-61,27,,,,,,,9/12/2022 2:27
133,,,,,,,456,-13,0.62,9/12/2022 2:27
1331,,,,464,-15,62,,,,9/12/2022 2:28
1332,465,-61,26.9,,,,,,,9/12/2022 2:28
1333,,,,,,,457,-13,0.62,9/12/2022 2:28
1334,,,,465,-16,62,,,,9/12/2022 2:29
1335,466,-61,26.8,,,,,,,9/12/2022 2:29
1336,,,,,,,458,-13,0.62,9/12/2022 2:29
1337,,,,466,-16,62,,,,9/12/2022 2:03
1338,467,-61,26.8,,,,,,,9/12/2022 2:03
1339,,,,,,,459,-13,0.62,9/12/2022 2:03
134,,,,467,-17,62,,,,9/12/2022 2:31
1341,468,-61,26.6,,,,,,,9/12/2022 2:31
1342,,,,,,,46,-14,0.62,9/12/2022 2:31
1343,,,,468,-17,62,,,,9/12/2022 2:32
1344,469,-61,26.5,,,,,,,9/12/2022 2:32
1345,,,,,,,461,-13,0.62,9/12/2022 2:32
1346,,,,469,-17,62,,,,9/12/2022 2:33
1347,47,-63,26.6,,,,,,,9/12/2022 2:33
1348,,,,,,,462,-13,0.62,9/12/2022 2:33
1349,,,,47,-17,62,,,,9/12/2022 2:34
135,471,-61,26.5,,,,,,,9/12/2022 2:34
1351,,,,,,,463,-13,0.62,9/12/2022 2:34
1352,,,,471,-17,61,,,,9/12/2022 2:35
1353,1163,-61,29,,,,,,,9/12/2022 14:07
1354,,,,,,,1144,-12,0.62,9/12/2022 14:07
1355,,,,1163,-111,58,,,,9/12/2022 14:07
1356,1164,-61,29,,,,,,,9/12/2022 14:08
1357,,,,,,,1145,-13,0.62,9/12/2022 14:08
1358,,,,1164,-111,57,,,,9/12/2022 14:08
1359,1165,-6,28.9,,,,,,,9/12/2022 14:09
136,,,,1165,-17,56,,,,9/12/2022 14:09
1361,1166,-6,28.8,,,,,,,9/12/2022 14:01
1362,,,,,,,1147,-15,0.62,9/12/2022 14:01
1363,,,,1166,-18,56,,,,9/12/2022 14:01
1364,1167,-6,28.8,,,,,,,9/12/2022 14:11
1365,,,,,,,1148,-17,0.62,9/12/2022 14:11
1366,,,,1167,-113,56,,,,9/12/2022 14:11
1367,1168,-6,28.5,,,,,,,9/12/2022 14:12
1368,,,,,,,1149,-13,0.62,9/12/2022 14:12
1369,,,,1168,-111,56,,,,9/12/2022 14:12
137,1169,-6,28.5,,,,,,,9/12/2022 14:13
1371,,,,,,,115,-17,0.62,9/12/2022 14:13
1372,,,,1169,-114,56,,,,9/12/2022 14:13
1373,117,-59,28.5,,,,,,,9/12/2022 14:14
1374,,,,,,,1151,-16,0.62,9/12/2022 14:14
1375,,,,117,-114,56,,,,9/12/2022 14:14
1376,1171,-6,28.3,,,,,,,9/12/2022 14:15
1377,,,,,,,1152,-99,0.62,9/12/2022 14:15
1378,,,,1171,-19,57,,,,9/12/2022 14:15
1379,1172,-55,28.3,,,,,,,9/12/2022 14:16
138,,,,,,,1153,-13,0.62,9/12/2022 14:16
1381,,,,1172,-119,57,,,,9/12/2022 14:16
1382,1173,-54,28.3,,,,,,,9/12/2022 14:17
1383,,,,,,,1154,-12,0.62,9/12/2022 14:17
1384,1174,-55,28.2,,,,,,,9/12/2022 14:18
1385,,,,1174,-19,58,,,,9/12/2022 14:18
1386,1175,-54,28.3,,,,,,,9/12/2022 14:19
1387,,,,1175,-17,58,,,,9/12/2022 14:19
1388,,,,,,,1156,-15,0.62,9/12/2022 14:19
1389,1176,-56,28.3,,,,,,,9/12/2022 14:02
139,,,,1176,-16,59,,,,9/12/2022 14:02
1391,,,,,,,1157,-14,0.62,9/12/2022 14:02
1392,1177,-55,28.2,,,,,,,9/12/2022 14:21
1393,,,,1177,-17,59,,,,9/12/2022 14:21
1394,,,,,,,1158,-17,0.62,9/12/2022 14:21
1395,1178,-56,28.2,,,,,,,9/12/2022 14:22
1396,,,,1178,-17,59,,,,9/12/2022 14:22
1397,,,,,,,1159,-13,0.62,9/12/2022 14:22
1398,1179,-56,28.2,,,,,,,9/12/2022 14:23
1399,,,,1179,-17,59,,,,9/12/2022 14:23
14,,,,,,,116,-12,0.62,9/12/2022 14:23
141,118,-56,28.2,,,,,,,9/12/2022 14:24
142,,,,118,-17,59,,,,9/12/2022 14:24
143,,,,,,,1161,-11,0.62,9/12/2022 14:24
144,1181,-56,28.2,,,,,,,9/12/2022 14:25
145,,,,1181,-16,59,,,,9/12/2022 14:25
146,,,,,,,1162,-12,0.62,9/12/2022 14:25
147,1182,-55,28.2,,,,,,,9/12/2022 14:26
148,,,,1182,-17,6,,,,9/12/2022 14:26
149,,,,,,,1163,-99,0.62,9/12/2022 14:26
141,1183,-56,28.2,,,,,,,9/12/2022 14:27
1411,,,,1183,-17,6,,,,9/12/2022 14:27
1412,,,,,,,1164,-98,478.33,9/12/2022 14:27
1413,1184,-56,28.2,,,,,,,9/12/2022 14:28
1414,,,,1184,-16,6,,,,9/12/2022 14:28
1415,,,,,,,1165,-1,0.62,9/12/2022 14:28
1416,1185,-55,28,,,,,,,9/12/2022 14:29
1417,,,,1185,-17,6,,,,9/12/2022 14:29
1418,,,,,,,1166,-1,0.62,9/12/2022 14:29
1419,1186,-56,28,,,,,,,9/12/2022 14:03
142,,,,1186,-17,6,,,,9/12/2022 14:03
1421,,,,,,,1167,-14,0.62,9/12/2022 14:03
1422,1187,-56,28,,,,,,,9/12/2022 14:31
1423,,,,1187,-17,6,,,,9/12/2022 14:31
1424,,,,,,,1168,-14,0.62,9/12/22  2:32: PM
1425,1188,-55,28,,,,,,,9/12/2022 14:32
1426,,,,1188,-17,6,,,,9/12/2022 14:32
1427,,,,,,,1169,-13,0.62,9/12/2022 14:33
1428,1189,-56,27.9,,,,,,,9/12/2022 14:33
1429,,,,1189,-18,6,,,,9/12/2022 14:33
143,,,,,,,117,-13,0.62,9/12/2022 14:34
1431,119,-55,27.9,,,,,,,9/12/2022 14:34
1432,,,,119,-17,59,,,,9/12/2022 14:34
1433,,,,,,,1171,-16,0.62,9/12/2022 14:35
1434,1191,-56,27.9,,,,,,,9/12/2022 14:35
1435,,,,1191,-17,6,,,,9/12/2022 14:35
1436,,,,,,,1172,-15,0.62,9/12/2022 14:36
1437,1192,-55,28,,,,,,,9/12/2022 14:36
1438,,,,1192,-18,6,,,,9/12/2022 14:36
1439,,,,,,,1173,-11,0.62,9/12/2022 14:37
144,1193,-56,27.9,,,,,,,9/12/2022 14:37
1441,,,,1193,-17,6,,,,9/12/2022 14:37
1442,,,,,,,1174,-17,0.62,9/12/2022 14:38
1443,,,,,,,1194,-96,0.62,9/12/2022 14:58
1444,1214,-57,27.9,,,,,,,9/12/2022 14:58
1445,,,,1214,-98,59,,,,9/12/2022 14:58
1446,,,,,,,1195,-99,0.62,9/12/2022 14:59
1447,1215,-6,27.9,,,,,,,9/12/2022 14:59
1448,,,,1215,-97,58,,,,9/12/2022 14:59
1449,,,,,,,1196,-96,2385.55,9/12/22  3::28 PM
145,,,,1216,-96,6,,,,9/12/22  3::49 PM
1451,,,,,,,1197,-11,0.62,9/12/2022 15:01
1452,,,,1217,-97,59,,,,9/12/2022 15:01
1453,1218,-59,27.7,,,,,,,9/12/2022 15:02
1454,,,,1218,-97,58,,,,9/12/2022 15:02
1455,1219,-59,27.7,,,,,,,9/12/2022 15:03
1456,,,,,,,1199,-97,0.71,9/12/2022 15:03
1457,,,,1219,-97,58,,,,9/12/2022 15:03
1458,122,-6,27.6,,,,,,,9/12/2022 15:04
1459,,,,,,,12,-96,0.62,9/12/2022 15:04
146,,,,122,-97,58,,,,9/12/2022 15:04
1461,1221,-59,27.6,,,,,,,9/12/2022 15:05
1462,,,,,,,121,-97,0.62,9/12/2022 15:05
1463,,,,1221,-97,58,,,,9/12/2022 15:05
1464,1222,-59,27.6,,,,,,,9/12/2022 15:06
1465,,,,,,,122,-95,0.62,9/12/2022 15:06
1466,,,,1222,-97,59,,,,9/12/2022 15:06
1467,1223,-57,27.6,,,,,,,9/12/2022 15:07
1468,,,,,,,123,-96,0.62,9/12/2022 15:07
1469,,,,1223,-94,58,,,,9/12/2022 15:07
147,1224,-56,27.5,,,,,,,9/12/2022 15:08
1471,,,,,,,124,-115,0.62,9/12/2022 15:08
1472,,,,1224,-15,58,,,,9/12/2022 15:08
1473,1225,-54,27.6,,,,,,,9/12/2022 15:09
1474,,,,,,,125,-115,0.62,9/12/2022 15:09
1475,,,,1225,-16,58,,,,9/12/2022 15:09
1476,1226,-55,27.5,,,,,,,9/12/2022 15:01
1477,,,,,,,126,-111,0.76,9/12/2022 15:01
1478,,,,1226,-18,58,,,,9/12/2022 15:01
1479,1227,-55,27.5,,,,,,,9/12/2022 15:11
148,,,,,,,127,-19,0.62,9/12/2022 15:11
1481,,,,1227,-17,58,,,,9/12/2022 15:11
1482,1228,-56,27.5,,,,,,,9/12/2022 15:12
1483,,,,,,,128,-19,0.69,9/12/2022 15:12
1484,,,,1228,-19,58,,,,9/12/2022 15:12
1485,1229,-55,27.6,,,,,,,9/12/2022 15:13
1486,,,,,,,129,-111,0.62,9/12/2022 15:13
1487,,,,1229,-18,57,,,,9/12/2022 15:13
1488,123,-55,27.6,,,,,,,9/12/2022 15:14
1489,,,,,,,121,-111,245.45,9/12/2022 15:14
149,,,,123,-17,57,,,,9/12/2022 15:14
1491,1231,-55,27.5,,,,,,,9/12/2022 15:15
1492,,,,,,,1211,-19,0.62,9/12/2022 15:15
1493,,,,1231,-16,57,,,,9/12/2022 15:15
1494,1232,-55,27.6,,,,,,,9/12/2022 15:16
1495,,,,,,,1212,-113,0.67,9/12/2022 15:16
1496,,,,1232,-17,58,,,,9/12/2022 15:16
1497,1233,-55,27.6,,,,,,,9/12/2022 15:17
1498,,,,,,,1213,-112,0.62,9/12/2022 15:17
1499,,,,1233,-15,58,,,,9/12/2022 15:17
15,1234,-55,27.6,,,,,,,9/12/2022 15:18
151,,,,,,,1214,-117,0.62,9/12/2022 15:18
152,,,,1234,-16,58,,,,9/12/2022 15:18
153,1235,-53,27.6,,,,,,,9/12/2022 15:19
154,,,,,,,1215,-11,0.62,9/12/2022 15:19
155,,,,1235,-97,57,,,,9/12/2022 15:19
156,1236,-55,27.7,,,,,,,9/12/2022 15:02
157,,,,,,,1216,-11,0.62,9/12/2022 15:02
158,,,,1236,-97,58,,,,9/12/2022 15:02
159,1237,-52,27.6,,,,,,,9/12/2022 15:21
151,,,,,,,1217,-11,0.62,9/12/2022 15:21
1511,,,,1237,-19,57,,,,9/12/2022 15:21
1512,1238,-53,27.6,,,,,,,9/12/2022 15:22
1513,,,,1238,-16,57,,,,9/12/2022 15:22
1514,1239,-52,27.6,,,,,,,9/12/2022 15:23
1515,,,,,,,1219,-118,0.62,9/12/2022 15:23
1516,1241,-116,27.6,,,,,,,9/12/2022 15:25
1517,1242,-11,27.5,,,,,,,9/12/2022 15:26
1518,1243,-11,27.5,,,,,,,9/12/2022 15:27
1519,1244,-11,27.6,,,,,,,9/12/2022 15:28
152,1245,-11,27.6,,,,,,,9/12/2022 15:29
1521,1246,-11,27.5,,,,,,,9/12/2022 15:03
1522,1247,-11,27.4,,,,,,,9/12/2022 15:31
1523,1248,-11,27.5,,,,,,,9/12/2022 15:32
1524,1249,-111,27.4,,,,,,,9/12/2022 15:33
1525,125,-11,27.4,,,,,,,9/12/2022 15:34
1526,1251,-19,27.4,,,,,,,9/12/2022 15:35
1527,1252,-11,27.4,,,,,,,9/12/2022 15:36
1528,1253,-19,27.4,,,,,,,9/12/2022 15:37
1529,1254,-11,27.4,,,,,,,9/12/2022 15:38
153,1255,-11,27.4,,,,,,,9/12/2022 15:39
1531,1256,-11,27.6,,,,,,,9/12/2022 15:04
1532,1257,-11,27.5,,,,,,,9/12/2022 15:41
1533,1258,-19,27.4,,,,,,,9/12/2022 15:42
1534,1259,-11,27.5,,,,,,,9/12/2022 15:43
1535,126,-11,27.4,,,,,,,9/12/2022 15:44
1536,1261,-11,27.4,,,,,,,9/12/2022 15:45
1537,1262,-11,27.4,,,,,,,9/12/2022 15:46
1538,1263,-11,27.4,,,,,,,9/12/2022 15:47
1539,1264,-11,27.4,,,,,,,9/12/2022 15:48
154,1265,-11,27.4,,,,,,,9/12/2022 15:49
1541,1266,-11,27.5,,,,,,,9/12/2022 15:05
1542,1267,-11,27.4,,,,,,,9/12/2022 15:51
1543,1268,-19,27.4,,,,,,,9/12/2022 15:52
1544,1269,-19,27.4,,,,,,,9/12/2022 15:53
1545,127,-11,27.5,,,,,,,9/12/2022 15:54
1546,1271,-11,27.4,,,,,,,9/12/2022 15:55
1547,1272,-11,27.5,,,,,,,9/12/2022 15:56
1548,1273,-19,27.5,,,,,,,9/12/2022 15:57
1549,1274,-11,27.5,,,,,,,9/12/2022 15:58
155,1275,-19,27.4,,,,,,,9/12/2022 15:59
1551,1276,-11,27.4,,,,,,,9/12/22  4::36 PM
1552,1277,-11,27.5,,,,,,,9/12/2022 16:01
1553,1278,-11,27.5,,,,,,,9/12/2022 16:02
1554,1279,-11,27.5,,,,,,,9/12/2022 16:03
1555,128,-11,27.5,,,,,,,9/12/2022 16:04
1556,1281,-111,27.5,,,,,,,9/12/2022 16:05
1557,1282,-11,27.4,,,,,,,9/12/2022 16:06
1558,1283,-11,27.4,,,,,,,9/12/2022 16:07
1559,1284,-11,27.3,,,,,,,9/12/2022 16:08
156,1285,-19,27.4,,,,,,,9/12/2022 16:09
1561,1286,-19,27,,,,,,,9/12/2022 16:01
1562,1287,-19,27.4,,,,,,,9/12/2022 16:11
1563,1288,-11,27.4,,,,,,,9/12/2022 16:12
1564,1289,-19,27.4,,,,,,,9/12/2022 16:13
1565,129,-11,27.4,,,,,,,9/12/2022 16:14
1566,1291,-11,27.4,,,,,,,9/12/2022 16:15
1567,1292,-19,27.3,,,,,,,9/12/2022 16:16
1568,1293,-11,27.3,,,,,,,9/12/2022 16:17
1569,1294,-11,27.3,,,,,,,9/12/2022 16:18
157,1295,-11,27.3,,,,,,,9/12/2022 16:19
1571,1296,-11,27.3,,,,,,,9/12/2022 16:02
1572,1297,-19,27.3,,,,,,,9/12/2022 16:21
1573,1298,-111,27.3,,,,,,,9/12/2022 16:22
1574,1299,-19,27.4,,,,,,,9/12/2022 16:23
1575,13,-19,27.3,,,,,,,9/12/2022 16:24
1576,131,-13,27.3,,,,,,,9/12/2022 16:25
1577,132,-1,27.4,,,,,,,9/12/2022 16:26
1578,133,-16,27.4,,,,,,,9/12/2022 16:27
1579,134,-16,27.4,,,,,,,9/12/2022 16:28
158,135,-17,27.4,,,,,,,9/12/2022 16:29
1581,136,-17,27.3,,,,,,,9/12/2022 16:03
1582,137,-16,27.3,,,,,,,9/12/2022 16:31
1583,138,-16,27.4,,,,,,,9/12/2022 16:32
1584,139,-15,27.4,,,,,,,9/12/2022 16:33
1585,131,-15,27.4,,,,,,,9/12/2022 16:34
1586,1311,-15,27.4,,,,,,,9/12/2022 16:35
1587,1312,-15,27.3,,,,,,,9/12/2022 16:36
1588,1313,-15,27.3,,,,,,,9/12/2022 16:37
1589,1314,-15,27.4,,,,,,,9/12/2022 16:38
159,1315,-15,27.3,,,,,,,9/12/2022 16:39
1591,1316,-16,27.4,,,,,,,9/12/2022 16:04
1592,1317,-15,27.3,,,,,,,9/12/2022 16:41
1593,1318,-15,27.3,,,,,,,9/12/2022 16:42
1594,,-113,,,,,,,,9/14/2022 7:38
1595,1,-114,28.1,,,,,,,9/14/2022 7:39
1596,2,-113,28.2,,,,,,,9/14/2022 7:04
1597,3,-113,28.2,,,,,,,9/14/2022 7:41
1598,4,-113,28.2,,,,,,,9/14/2022 7:42
1599,5,-113,28.2,,,,,,,9/14/2022 7:43
16,6,-114,28.2,,,,,,,9/14/2022 7:44
